"type_name","team_name","selected_by","total_points","team_code","team_id","status","first_name","second_name","now_cost","value_form","value_season","points_per_game","ep_next","minutes","goals_scored","assists","clean_sheets","goals_conceded","own_goals","penalties_saved","penalties_missed","yellow_cards","red_cards","saves","bonus","ea_index","bps","team"
"Goalkeeper","Arsenal",5,47,3,1,"a","Wojciech","Szczesny",52,0,9,2.8,0,1498,0,0,3,21,0,0,0,1,0,44,0,172,215,1
"Defender","Arsenal",8.5,73,3,1,"a","Laurent","Koscielny",60,0.8,12.2,4.6,4.5,1375,3,0,6,14,0,0,0,3,0,0,7,240,331,1
"Defender","Arsenal",0.1,0,3,1,"u","Thomas","Vermaelen",50,0,0,0,0,0,0,0,0,0,0,0,0,0,0,0,0,0,0,1
"Defender","Arsenal",1.7,48,3,1,"a","Kieran","Gibbs",52,0,9.2,2.7,0.3,1300,0,3,4,20,1,0,0,3,0,0,3,192,284,1
"Defender","West Ham",0.7,64,21,20,"a","Carl","Jenkinson",50,0.5,12.8,3,2.3,1679,0,2,6,16,0,0,0,1,0,0,0,262,294,20
"Defender","Arsenal",4.5,79,3,1,"a","Per","Mertesacker",60,0.5,13.2,3.2,2.8,2250,0,1,8,28,0,0,0,2,0,0,6,282,503,1
"Defender","Arsenal",2.5,64,3,1,"a","Nacho","Monreal",49,0.5,13.1,3.2,2.5,1591,0,2,6,18,0,0,0,2,0,0,5,247,381,1
"Defender","Arsenal",0.1,0,3,1,"a","Isaac","Hayden",43,0,0,0,0,0,0,0,0,0,0,0,0,0,0,0,0,0,0,1
"Defender","Arsenal",4.1,32,3,1,"a","Hector","Bellerin",46,0.8,7,3.6,3.8,680,1,1,3,9,0,0,0,2,0,0,0,126,163,1
"Midfielder","Arsenal",2.2,22,3,1,"a","Jack","Wilshere",63,0,3.5,2.4,0,522,1,1,0,10,0,0,0,4,0,0,3,102,96,1
"Midfielder","Arsenal",1,20,3,1,"a","Theo","Walcott",89,0.4,2.2,2.9,4,231,2,0,1,2,0,0,0,0,0,0,0,77,57,1
"Midfielder","Arsenal",10.5,58,3,1,"i","Aaron","Ramsey",86,0.1,6.7,3.2,0,1223,3,2,5,14,0,0,0,4,0,0,5,207,253,1
"Midfielder","Arsenal",0.6,26,3,1,"a","Tomas","Rosicky",47,0.2,5.5,2.4,1,458,1,1,1,6,0,0,0,1,0,0,3,105,115,1
"Midfielder","Arsenal",0.7,19,3,1,"i","Mikel","Arteta",53,0,3.6,2.7,0,447,0,1,3,3,0,0,0,1,0,0,2,75,92,1
"Midfielder","Arsenal",1.1,53,3,1,"a","Alex","Oxlade-Chamberlain",62,0,8.5,2.5,0,1396,1,2,6,18,0,0,0,4,0,0,3,245,255,1
"Midfielder","Arsenal",17.1,123,3,1,"a","Santiago","Cazorla",86,0.9,14.3,4.9,7.8,2019,7,6,8,23,0,0,0,4,0,0,19,561,608,1
"Midfielder","Arsenal",0,0,3,1,"i","Vassiriki","Diaby",47,0,0,0,0,0,0,0,0,0,0,0,0,0,0,0,0,0,0,1
"Midfielder","Arsenal",0,0,3,1,"a","Serge","Gnabry",48,0,0,0,0,0,0,0,0,0,0,0,0,0,0,0,0,0,0,1
"Midfielder","Arsenal",0,0,3,1,"a","Gedion","Zelalem",47,0,0,0,0,0,0,0,0,0,0,0,0,0,0,0,0,0,0,1
"Midfielder","Arsenal",0.3,42,3,1,"d","Mathieu","Flamini",48,0.1,8.8,2.2,0.4,1403,0,2,4,20,0,0,0,3,0,0,0,194,261,1
"Midfielder","Arsenal",5.4,61,3,1,"a","Mesut","Özil",91,1,6.7,5.5,8.8,903,3,4,3,11,0,0,0,0,0,0,10,232,249,1
"Midfielder","Arsenal",0,0,3,1,"n","Ryo","Miyaichi",45,0,0,0,0,0,0,0,0,0,0,0,0,0,0,0,0,0,0,1
"Midfielder","Arsenal",31.3,149,3,1,"a","Alexis","Sánchez",113,0.1,13.2,6.5,1.3,1915,12,7,7,24,0,0,1,3,0,0,22,602,503,1
"Forward","Arsenal",0.4,7,3,1,"n","Lukas","Podolski",72,0,1,1,0,106,0,0,0,0,0,0,0,0,0,0,0,14,13,1
"Forward","Arsenal",11,63,3,1,"a","Olivier","Giroud",83,0.6,7.6,4.2,5.3,892,8,2,4,10,0,0,0,4,1,0,8,262,227,1
"Forward","Crystal Palace",0.7,13,31,5,"i","Yaya","Sanogo",47,0.2,2.8,1.9,0,356,0,1,0,5,0,0,0,1,0,0,0,36,12,5
"Forward","Arsenal",0,6,3,1,"a","Chuba","Akpom",48,0.3,1.2,2,1.3,30,0,1,0,0,0,0,0,0,0,0,0,23,16,1
"Forward","Arsenal",0.4,4,3,1,"u","Joel","Campbell",50,0,0.8,1,0,41,0,0,0,1,0,0,0,0,0,0,0,5,16,1
"Goalkeeper","Aston Villa",7.4,0,7,2,"a","Shay","Given",40,0,0,0,0,0,0,0,0,0,0,0,0,0,0,0,0,0,0,2
"Goalkeeper","Aston Villa",12.9,85,7,2,"a","Bradley","Guzan",47,0.3,18.1,3.3,1.5,2340,0,0,7,36,0,0,0,2,0,81,1,213,391,2
"Defender","Aston Villa",0.1,20,7,2,"d","Nathan","Baker",43,0,4.7,2.5,0,571,0,0,2,10,0,0,0,0,0,0,2,42,96,2
"Defender","Aston Villa",0.7,44,7,2,"a","Ciaran","Clark",43,0.1,10.2,2.4,0.5,1462,1,1,3,25,0,0,0,6,1,0,5,159,277,2
"Defender","Aston Villa",0.1,10,7,2,"a","Matthew","Lowton",42,0,2.4,2,0,361,0,0,1,5,0,0,0,1,0,0,0,31,58,2
"Defender","Aston Villa",9.4,37,7,2,"s","Ron","Vlaar",43,-0.1,8.6,2.8,0,1017,0,0,4,12,0,0,0,1,1,0,5,85,173,2
"Defender","Aston Villa",0,0,7,2,"u","Joe","Bennett",45,0,0,0,0,0,0,0,0,0,0,0,0,0,0,0,0,0,0,2
"Defender","Aston Villa",0.2,35,7,2,"a","Jores","Okore",43,0.5,8.1,2.5,2,1200,1,0,2,18,0,0,0,6,0,0,5,126,229,2
"Defender","Aston Villa",0,0,7,2,"u","Antonio","Luna",45,0,0,0,0,0,0,0,0,0,0,0,0,0,0,0,0,0,0,2
"Defender","Aston Villa",0.2,0,7,2,"a","Janoi","Donacien",39,0,0,0,0,0,0,0,0,0,0,0,0,0,0,0,0,0,0,2
"Defender","Aston Villa",1,22,7,2,"d","Philippe","Senderos",43,0,5.1,2.8,0,633,0,0,3,9,0,0,0,2,0,0,0,74,116,2
"Midfielder","Aston Villa",0.8,36,7,2,"a","Fabian","Delph",48,0.6,7.5,2.2,2.8,1353,0,2,3,25,0,0,0,0,1,0,0,164,241,2
"Midfielder","Aston Villa",0.2,33,7,2,"a","Charles","N'Zogbia",52,0,6.3,2.1,0,796,0,1,7,4,0,0,0,2,0,0,0,76,52,2
"Midfielder","Aston Villa",0.1,0,7,2,"u","Gary","Gardner",43,0,0,0,0,0,0,0,0,0,0,0,0,0,0,0,0,0,0,2
"Midfielder","Aston Villa",2,0,7,2,"u","Karim","El Ahmadi",44,0,0,0,0,0,0,0,0,0,0,0,0,0,0,0,0,0,0,2
"Midfielder","Aston Villa",0.3,41,7,2,"a","Ashley","Westwood",47,0.2,8.7,2.2,1,1535,0,1,5,23,0,0,0,2,0,0,0,191,264,2
"Midfielder","Aston Villa",0.1,9,7,2,"a","Leandro","Bacuna",50,0,1.8,1.3,0,184,0,0,1,2,0,0,0,0,0,0,0,24,33,2
"Midfielder","Aston Villa",0,0,7,2,"u","Aleksandar","Tonev",45,0,0,0,0,0,0,0,0,0,0,0,0,0,0,0,0,0,0,2
"Midfielder","Aston Villa",0,0,7,2,"u","Samir","Carruthers",45,0,0,0,0,0,0,0,0,0,0,0,0,0,0,0,0,0,0,2
"Midfielder","Aston Villa",0,0,7,2,"u","Daniel","Johnson",44,0,0,0,0,0,0,0,0,0,0,0,0,0,0,0,0,0,0,2
"Midfielder","Aston Villa",0.1,9,7,2,"a","Jack","Grealish",43,0,2.1,1,0,218,0,0,0,3,0,0,0,0,0,0,0,30,26,2
"Midfielder","Aston Villa",0.1,18,7,2,"a","Joe","Cole",53,0.1,3.4,2.2,0.5,227,1,0,1,2,0,0,0,0,0,0,2,33,62,2
"Midfielder","Aston Villa",0.2,29,7,2,"i","Kieran","Richardson",49,0.2,5.9,1.7,0,894,0,1,4,18,0,0,0,1,1,0,0,98,98,2
"Forward","Aston Villa",1.4,57,7,2,"a","Gabriel","Agbonlahor",52,0.3,11,2.4,1.5,1967,3,0,6,31,0,0,0,6,1,0,8,202,146,2
"Forward","Aston Villa",2.3,62,7,2,"a","Andreas","Weimann",52,0.3,11.9,2.5,1.5,1616,3,2,9,20,0,0,0,5,0,0,7,229,246,2
"Forward","Aston Villa",0.6,42,7,2,"a","Christian","Benteke",74,0.2,5.7,2.5,1.5,1322,2,1,3,24,0,0,0,0,1,0,3,128,66,2
"Forward","Aston Villa",0,0,7,2,"i","Libor","Kozák",59,0,0,0,0,0,0,0,0,0,0,0,0,0,0,0,0,0,0,2
"Forward","Aston Villa",0.1,0,7,2,"u","Callum","Robinson",43,0,0,0,0,0,0,0,0,0,0,0,0,0,0,0,0,0,0,2
"Forward","Aston Villa",0.4,7,7,2,"u","Darren","Bent",46,0,1.5,1,0,83,0,0,0,2,0,0,0,0,0,0,0,-1,19,2
"Goalkeeper","Burnley",5.2,85,90,3,"a","Thomas","Heaton",46,0.4,18.5,3.3,1.8,2340,0,0,5,44,0,1,0,1,0,80,4,223,378,3
"Goalkeeper","Burnley",2.6,0,90,3,"a","Matthew","Gilks",40,0,0,0,0,0,0,0,0,0,0,0,0,0,0,0,0,0,0,3
"Defender","Burnley",5.9,35,90,3,"a","Michael","Duff",40,0,8.8,2.9,0,1065,0,0,4,20,0,0,0,2,0,0,4,122,189,3
"Defender","Burnley",0.4,57,90,3,"a","Jason","Shackell",45,0.3,12.7,2.2,1.3,2266,0,0,5,42,0,0,0,2,0,0,2,255,415,3
"Defender","Burnley",0.6,1,90,3,"i","Kevin","Long",39,0,0.3,1,0,20,0,0,0,1,0,0,0,0,0,0,0,1,4,3
"Defender","Burnley",0.5,1,90,3,"a","Daniel","Lafferty",39,0,0.3,1,0,17,0,0,0,0,0,0,0,0,0,0,0,2,3,3
"Defender","Burnley",0.2,57,90,3,"a","Ben","Mee",45,0.6,12.7,2.7,2.8,1808,2,1,4,35,0,0,0,4,0,0,2,229,306,3
"Defender","Burnley",1.9,75,90,3,"a","Kieran","Trippier",48,0.6,15.6,2.9,2.8,2335,0,4,5,44,0,0,0,1,0,0,7,338,464,3
"Midfielder","Burnley",0.4,37,90,3,"i","Dean","Marney",44,0.1,8.4,1.9,0,1685,0,0,5,25,0,0,0,6,0,0,0,162,243,3
"Midfielder","Burnley",0.7,53,90,3,"a","David","Jones",45,0.4,11.8,2.2,2,2134,0,0,5,38,0,0,0,0,0,0,0,226,336,3
"Midfielder","Burnley",0.1,16,90,3,"a","Ross","Wallace",43,0.1,3.7,1.6,0.3,156,1,0,0,2,0,0,0,0,0,0,1,49,63,3
"Midfielder","Burnley",0.4,64,90,3,"a","Scott","Arfield",48,0.4,13.3,2.6,1.8,2122,2,2,4,42,0,0,1,4,0,0,2,202,216,3
"Midfielder","Burnley",0.1,28,90,3,"a","Michael","Kightly",45,0.2,6.2,2.2,0.8,792,1,2,0,19,0,0,0,3,0,0,0,110,85,3
"Midfielder","Burnley",0.1,10,90,3,"i","Matthew","Taylor",48,0,2.1,3.3,0,227,0,1,1,4,0,0,0,0,0,0,0,26,30,3
"Midfielder","Burnley",0.2,4,90,3,"a","Steven","Reid",42,0,1,0.8,0,108,0,0,0,3,0,0,0,1,0,0,0,14,22,3
"Forward","Burnley",7.8,103,90,3,"a","Danny","Ings",59,0.9,17.5,4.5,5.5,1956,9,4,3,38,0,0,0,4,0,0,14,330,343,3
"Forward","Burnley",0,6,90,3,"a","Sam","Vokes",53,0.1,1.1,1,0.8,79,0,0,0,1,0,0,0,0,0,0,0,8,17,3
"Forward","Burnley",1.3,68,90,3,"a","Ashley","Barnes",44,0.7,15.5,2.8,3.3,1584,5,1,2,30,0,0,0,4,0,0,8,195,194,3
"Forward","Burnley",0,11,90,3,"a","Marvin","Sordell",46,0,2.4,1,0,254,0,0,2,2,0,0,0,2,0,0,0,18,16,3
"Goalkeeper","Chelsea",1.7,32,8,4,"a","Petr","Cech",54,0.3,5.9,6.4,0,427,0,0,5,0,0,0,0,0,0,8,0,69,106,4
"Goalkeeper","Chelsea",8.3,76,8,4,"a","Thibaut","Courtois",59,0.3,12.9,3.5,0,1913,0,0,7,22,0,0,0,1,0,46,0,255,308,4
"Defender","Chelsea",12,83,8,4,"a","Gary","Cahill",63,0.2,13.2,3.5,0,1940,1,0,9,20,0,0,0,3,0,0,4,318,428,4
"Defender","Chelsea",19.4,120,8,4,"a","John","Terry",68,0.4,17.6,4.6,0,2340,3,0,12,22,1,0,0,0,0,0,9,423,592,4
"Defender","Chelsea",26.2,135,8,4,"a","Branislav","Ivanovic",74,0.8,18.2,5.2,0,2340,4,4,12,22,0,0,0,5,1,0,12,401,569,4
"Defender","Chelsea",6.9,86,8,4,"a","César","Azpilicueta",60,0.6,14.3,4.3,0,1671,0,3,9,17,0,0,0,1,1,0,11,299,435,4
"Defender","Chelsea",0.1,0,8,4,"a","Nathan","Aké",43,0,0,0,0,0,0,0,0,0,0,0,0,0,0,0,0,0,0,4
"Defender","Southampton",18.2,102,20,14,"a","Ryan","Bertrand",57,0,17.9,4.6,-0.3,1978,2,2,10,16,0,0,0,2,1,0,8,334,445,14
"Midfielder","Chelsea",0,0,8,4,"u","Josh","McEachran",45,0,0,0,0,0,0,0,0,0,0,0,0,0,0,0,0,0,0,4
"Midfielder","Chelsea",0.4,34,8,4,"a","Ramires","Santos do Nascimento",53,0.3,6.4,2.1,0,660,1,3,2,11,0,0,0,4,0,0,1,122,121,4
"Midfielder","Chelsea",0.5,22,8,4,"i","John Obi","Mikel",43,0.1,5.1,1.7,0,488,0,1,2,6,0,0,0,0,0,0,0,71,95,4
"Midfielder","Chelsea",0,0,8,4,"u","Lucas","Piazon",50,0,0,0,0,0,0,0,0,0,0,0,0,0,0,0,0,0,0,4
"Midfielder","Chelsea",38.8,160,8,4,"a","Eden","Hazard",109,0.7,14.7,6.2,0,2296,9,7,14,20,0,0,0,1,0,0,29,670,670,4
"Midfielder","Chelsea",7.3,112,8,4,"a","Oscar","dos Santos Emboaba Junior",83,0.2,13.5,5.3,0,1646,6,7,12,11,0,0,0,4,0,0,12,425,414,4
"Midfielder","Chelsea",2.7,33,8,4,"u","André","Schürrle",71,0,4.6,2.4,0,436,3,0,2,6,0,0,0,2,0,0,1,128,103,4
"Midfielder","Chelsea",0,0,8,4,"u","Marco","van Ginkel",59,0,0,0,0,0,0,0,0,0,0,0,0,0,0,0,0,0,0,4
"Midfielder","Chelsea",0,0,8,4,"a","Isaiah","Brown",43,0,0,0,0,0,0,0,0,0,0,0,0,0,0,0,0,0,0,4
"Midfielder","Chelsea",0.6,79,8,4,"a","Willian","Borges Da Silva",77,0.6,10.3,3.2,0,1620,2,3,12,11,0,0,0,2,0,0,7,332,347,4
"Midfielder","Chelsea",3.7,66,8,4,"s","Nemanja","Matic",55,0.3,12,2.6,0,2229,1,2,12,20,0,0,0,7,1,0,3,417,446,4
"Midfielder","Chelsea",0.2,3,8,4,"u","Mohamed","Salah",60,0,0.5,1,0,33,0,0,0,3,0,0,0,0,0,0,0,1,5,4
"Midfielder","Chelsea",0,0,8,4,"n","Lewis","Baker",48,0,0,0,0,0,0,0,0,0,0,0,0,0,0,0,0,0,0,4
"Midfielder","Chelsea",0,0,8,4,"u","John","Swift",45,0,0,0,0,0,0,0,0,0,0,0,0,0,0,0,0,0,0,4
"Midfielder","Stoke",0.5,54,110,16,"a","Victor","Moses",52,0.7,10.4,3.6,3.5,1164,2,4,3,17,0,0,0,2,0,0,3,239,173,16
"Midfielder","Chelsea",32.6,122,8,4,"a","Cesc","Fàbregas",95,0.1,12.8,5.3,0,1958,2,15,10,19,0,0,0,8,0,0,20,522,586,4
"Forward","Chelsea",0.3,0,8,4,"u","Fernando","Torres",73,0,0,0,0,0,0,0,0,0,0,0,0,0,0,0,0,0,0,4
"Forward","Chelsea",0,0,8,4,"u","Demba","Ba",70,0,0,0,0,0,0,0,0,0,0,0,0,0,0,0,0,0,0,4
"Forward","Everton",7.4,94,11,6,"a","Romelu","Lukaku",88,0.5,10.7,3.6,4.8,2077,7,4,7,28,1,0,0,1,0,0,8,405,261,6
"Goalkeeper","Crystal Palace",2.6,84,31,5,"a","Julian","Speroni",48,0.7,17.5,3.2,3.5,2304,0,0,6,36,0,1,0,1,0,59,5,213,349,5
"Goalkeeper","Crystal Palace",0.2,1,31,5,"a","Wayne","Hennessey",44,0,0.2,1,0,36,0,0,0,1,0,0,0,0,0,0,0,2,4,5
"Defender","Crystal Palace",2.5,62,31,5,"a","Joel","Ward",47,0.6,13.2,2.4,2.8,2340,0,0,6,37,0,0,0,2,0,0,0,234,358,5
"Defender","Crystal Palace",0.5,43,31,5,"a","Damien","Delaney",49,0.6,8.8,2.3,3,1533,0,0,5,25,0,0,0,3,1,0,2,163,247,5
"Defender","Crystal Palace",0.4,0,31,5,"a","Patrick","McCarthy",39,0,0,0,0,0,0,0,0,0,0,0,0,0,0,0,0,0,0,5
"Defender","Crystal Palace",0,0,31,5,"u","Jack","Hunt",40,0,0,0,0,0,0,0,0,0,0,0,0,0,0,0,0,0,0,5
"Defender","Crystal Palace",0.1,24,31,5,"a","Adrian","Mariappa",43,0,5.6,2.4,0,750,0,0,3,11,0,0,0,2,0,0,0,68,107,5
"Defender","Crystal Palace",0.2,0,31,5,"n","Ryan","Inniss",39,0,0,0,0,0,0,0,0,0,0,0,0,0,0,0,0,0,0,5
"Defender","Crystal Palace",1.1,67,31,5,"a","Scott","Dann",49,0.2,13.7,3,1,1840,1,2,5,26,0,0,0,3,0,0,3,243,283,5
"Midfielder","Crystal Palace",0,7,31,5,"u","Barry","Bannan",47,0,1.5,1,0,138,0,0,0,3,0,0,0,1,0,0,0,21,28,5
"Midfielder","Crystal Palace",0.7,68,31,5,"a","Yannick","Bolasie",53,0.2,12.8,3.1,1.3,1743,1,6,4,28,0,0,0,2,0,0,2,245,186,5
"Midfielder","Crystal Palace",0,0,31,5,"u","Owen","Garvan",45,0,0,0,0,0,0,0,0,0,0,0,0,0,0,0,0,0,0,5
"Midfielder","Crystal Palace",2.6,71,31,5,"a","Mile","Jedinak",50,0,14.2,3.9,0,1616,5,2,4,29,0,0,0,3,1,0,6,316,307,5
"Midfielder","Crystal Palace",0,2,31,5,"i","Jonathan","Williams",48,0,0.4,1,0,36,0,0,0,0,0,0,0,0,0,0,0,-3,12,5
"Midfielder","Crystal Palace",0,1,31,5,"i","Jerome","Thomas",44,0,0.2,1,0,7,0,0,0,0,0,0,0,0,0,0,0,1,2,5
"Midfielder","Crystal Palace",4.8,77,31,5,"a","Jason","Puncheon",56,0.4,13.8,3.1,2.3,1843,3,4,5,30,0,0,0,5,1,0,8,300,271,5
"Midfielder","Crystal Palace",0,0,31,5,"u","José","Campaña",45,0,0,0,0,0,0,0,0,0,0,0,0,0,0,0,0,0,0,5
"Midfielder","Crystal Palace",0,3,31,5,"u","Stuart","O'Keefe",45,0,0.7,1.5,0,83,0,0,0,4,0,0,0,0,0,0,0,4,16,5
"Midfielder","Crystal Palace",0,0,31,5,"u","Jimmy","Kebe",45,0,0,0,0,0,0,0,0,0,0,0,0,0,0,0,0,0,0,5
"Midfielder","Crystal Palace",0,6,31,5,"a","Adlène","Guédioura",44,0.1,1.4,0.9,0.3,127,0,0,0,2,0,0,0,1,0,0,0,18,18,5
"Midfielder","Crystal Palace",0.3,0,31,5,"a","Hiram","Boateng",43,0,0,0,0,0,0,0,0,0,0,0,0,0,0,0,0,0,0,5
"Midfielder","Crystal Palace",0.1,65,31,5,"a","Joe","Ledley",53,0.8,12.3,3,4.3,1911,2,1,5,30,0,0,0,0,0,0,4,250,305,5
"Forward","Crystal Palace",0,10,31,5,"a","Glenn","Murray",51,0.3,2,1.7,1.5,133,1,0,0,2,0,0,0,1,0,0,0,34,20,5
"Forward","Crystal Palace",1.5,61,31,5,"a","Dwight","Gayle",50,0.3,12.2,3.2,1.8,894,5,2,2,14,0,0,0,0,0,0,8,201,206,5
"Forward","Crystal Palace",0,0,31,5,"u","Stephen","Dobbie",45,0,0,0,0,0,0,0,0,0,0,0,0,0,0,0,0,0,0,5
"Forward","Crystal Palace",0.4,34,31,5,"i","Marouane","Chamakh",52,0.1,6.5,2.3,0,1003,1,2,1,16,0,0,0,4,0,0,2,118,106,5
"Goalkeeper","Everton",9.1,46,11,6,"a","Tim","Howard",51,0.2,9,2.3,1.3,1755,0,0,3,31,0,0,0,2,0,41,0,160,227,6
"Goalkeeper","Everton",0.1,26,11,6,"a","Joel","Robles",49,0.7,5.3,3.7,3.3,585,0,0,3,6,0,0,0,1,0,15,0,50,105,6
"Defender","Everton",12.4,91,11,6,"a","Phil","Jagielka",56,0.9,16.2,3.6,5,2205,2,0,6,34,0,0,0,0,0,0,17,303,547,6
"Defender","Everton",0.1,7,11,6,"i","Tony","Hibbert",43,0,1.6,1.8,0,329,0,0,0,5,0,0,0,0,0,0,0,37,56,6
"Defender","Everton",16.2,99,11,6,"a","Leighton","Baines",71,0.2,13.9,4.3,1.5,2070,2,8,5,35,0,0,1,4,0,0,15,352,536,6
"Defender","Everton",1.4,19,11,6,"a","Sylvain","Distin",52,0,3.7,1.6,0,1073,0,1,0,26,0,0,0,0,0,0,1,139,229,6
"Defender","Everton",0.1,0,11,6,"u","Shane","Duffy",40,0,0,0,0,0,0,0,0,0,0,0,0,0,0,0,0,0,0,6
"Defender","Everton",4.9,86,11,6,"a","Seamus","Coleman",68,0.6,12.6,3.7,4.3,1986,2,3,6,30,1,0,0,2,0,0,9,315,426,6
"Defender","Everton",0.1,9,11,6,"a","Antolin","Alcaraz",42,0.1,2.1,1.3,0.3,436,0,0,1,6,0,0,0,1,1,0,0,53,87,6
"Defender","Everton",1,40,11,6,"a","John","Stones",52,0.8,7.7,3.3,4,1053,0,0,4,12,0,0,0,1,0,0,5,136,253,6
"Defender","Everton",0.3,1,11,6,"a","Luke","Garbutt",39,0,0.3,1,0,90,0,0,0,3,0,0,0,0,0,0,0,5,17,6
"Defender","Everton",0.2,2,11,6,"a","Tyias","Browning",40,0,0.5,1,0,31,0,0,0,0,0,0,0,0,0,0,0,5,6,6
"Defender","Everton",0,9,11,6,"d","Bryan","Oviedo",48,0.4,1.9,1.5,1.3,320,0,0,1,1,0,0,0,3,0,0,0,26,48,6
"Midfielder","Everton",0.5,29,11,6,"d","Leon","Osman",50,0,5.8,2.6,0,597,1,1,1,8,0,0,0,0,0,0,3,150,129,6
"Midfielder","Everton",0.4,6,11,6,"a","Darron","Gibson",42,0.1,1.4,1.2,0.5,139,0,0,0,4,0,0,0,0,0,0,0,20,35,6
"Midfielder","Everton",3.4,47,11,6,"a","Ross","Barkley",67,0.2,7,2.6,1.3,1278,1,2,4,15,0,0,0,1,0,0,2,192,244,6
"Midfielder","Everton",0.3,16,11,6,"d","Steven","Pienaar",58,0,2.8,2,0,254,0,2,0,4,0,0,0,1,0,0,1,37,47,6
"Midfielder","Everton",2.1,58,11,6,"a","Kevin","Mirallas",72,0.2,8.1,2.9,1.5,1069,5,1,2,20,0,0,1,2,0,0,2,198,160,6
"Midfielder","Everton",0.9,31,11,6,"a","James","McCarthy",46,0.2,6.7,1.9,1,1328,0,1,4,22,0,0,0,6,0,0,0,184,244,6
"Midfielder","Everton",1.1,39,11,6,"i","Aiden","McGeady",53,0.1,7.4,2.8,0,866,1,2,4,13,0,0,0,1,0,0,0,100,122,6
"Midfielder","Everton",0,0,11,6,"a","Ryan","Ledson",43,0,0,0,0,0,0,0,0,0,0,0,0,0,0,0,0,0,0,6
"Midfielder","Everton",1.7,43,11,6,"a","Gareth","Barry",47,0.3,9.1,1.9,1.3,1989,0,1,6,32,0,0,0,8,1,0,0,231,305,6
"Forward","Everton",11.9,86,11,6,"a","Steven","Naismith",48,0.9,17.9,3.9,4.3,1807,7,2,6,27,0,0,0,6,0,0,16,357,388,6
"Forward","Everton",0.1,10,11,6,"a","Arouna","Koné",54,0,1.9,2,0.3,175,1,0,0,5,0,0,0,1,0,0,0,23,39,6
"Forward","Everton",0.1,0,11,6,"u","Conor","McAleny",43,0,0,0,0,0,0,0,0,0,0,0,0,0,0,0,0,0,0,6
"Goalkeeper","Hull",2.4,74,88,7,"a","Allan","McGregor",48,0.7,15.4,3.5,3.5,1890,0,0,4,31,0,2,0,0,0,57,6,182,310,7
"Goalkeeper","Hull",0.1,10,88,7,"a","Steve","Harper",44,0,2.3,3.3,0,222,0,0,1,2,0,0,0,0,0,7,0,24,40,7
"Defender","Hull",0.3,24,88,7,"i","Liam","Rosenior",41,0,5.9,2.2,0,573,0,2,1,9,0,0,0,0,0,0,0,78,127,7
"Defender","Hull",2.4,57,88,7,"i","James","Chester",43,0,13.3,3.6,0,1286,2,0,5,14,0,0,0,5,1,0,7,164,268,7
"Defender","Hull",1.7,19,88,7,"a","Paul","McShane",39,0.6,4.9,2.4,2.5,648,0,0,1,7,0,0,0,0,0,0,1,75,123,7
"Defender","Hull",0,0,88,7,"n","Joe","Dudgeon",39,0,0,0,0,0,0,0,0,0,0,0,0,0,0,0,0,0,0,7
"Defender","Hull",11.1,33,88,7,"a","Alex","Bruce",39,0.6,8.5,2.4,2.3,919,0,0,3,8,0,0,0,1,0,0,0,113,154,7
"Defender","Hull",0.4,2,88,7,"a","Maynor","Figueroa",41,0,0.5,1,0,132,0,0,0,4,0,0,0,0,0,0,0,1,18,7
"Defender","Hull",1.9,47,88,7,"a","Curtis","Davies",48,0.1,9.8,2.2,0.3,1812,0,0,4,31,1,0,0,2,0,0,5,159,316,7
"Midfielder","Hull",0.8,30,88,7,"a","Stephen","Quinn",44,0.1,6.8,1.8,0.5,927,0,3,1,14,0,0,0,2,1,0,0,111,174,7
"Midfielder","Hull",0.2,36,88,7,"a","Robbie","Brady",45,0.8,8,1.9,3.8,1128,0,1,3,14,0,0,0,2,0,0,3,179,178,7
"Midfielder","Hull",0.1,40,88,7,"a","David","Meyler",47,0.8,8.5,2.1,3.8,1181,1,1,3,18,0,0,0,5,0,0,3,154,198,7
"Midfielder","Hull",1.9,74,88,7,"a","Ahmed","Elmohamady",49,0.4,15.1,2.8,1.8,2340,1,3,6,35,0,0,0,4,0,0,6,295,399,7
"Midfielder","Burnley",6.8,75,90,3,"a","George","Boyd",47,0.5,16,3.1,2.5,2009,4,2,4,41,0,0,0,6,0,0,4,274,280,3
"Midfielder","Hull",1.2,43,88,7,"a","Tom","Huddlestone",53,0.4,8.1,2,2,1695,0,2,5,27,0,0,0,5,1,0,1,193,254,7
"Midfielder","Hull",0.5,56,88,7,"a","Jake","Livermore",52,0.3,10.8,2.2,1.8,2208,1,1,6,33,0,0,0,8,0,0,0,232,332,7
"Midfielder","Hull",0.1,29,88,7,"a","Sone","Aluko",46,0.3,6.3,1.8,1.3,766,1,0,2,12,0,0,0,2,0,0,2,122,67,7
"Midfielder","Hull",0.5,9,88,7,"u","Tom","Ince",50,0.1,1.8,1.3,0,301,0,0,1,4,0,0,0,0,0,0,0,44,19,7
"Midfielder","Hull",0.3,1,88,7,"i","Robert","Snodgrass",56,0,0.2,1,0,39,0,0,0,0,0,0,0,0,0,0,0,7,4,7
"Forward","Hull",1.2,75,88,7,"a","Nikica","Jelavic",57,0.7,13.2,3.8,4.3,1461,8,1,5,22,0,0,0,2,0,0,6,227,235,7
"Forward","Hull",0,0,88,7,"u","Nick","Proschwitz",45,0,0,0,0,0,0,0,0,0,0,0,0,0,0,0,0,0,0,7
"Forward","Southampton",1.3,44,20,14,"a","Shane","Long",54,0,8.1,2.2,0,888,2,2,5,8,0,0,0,1,0,0,3,179,133,14
"Forward","Hull",0,3,88,7,"a","Yannick","Sagbo",49,0,0.6,1,0,42,0,0,0,1,0,0,0,0,0,0,0,5,11,7
"Goalkeeper","Leicester",2.9,33,13,8,"i","Kasper","Schmeichel",44,0,7.5,2.4,0,1260,0,0,1,26,0,0,0,0,0,48,1,111,184,8
"Goalkeeper","Leicester",7.7,31,13,8,"a","Ben","Hamer",41,0,7.6,3.9,0,720,0,0,3,8,0,0,0,0,0,19,2,76,126,8
"Defender","Leicester",0.3,45,13,8,"a","Wes","Morgan",44,0.1,10.2,1.8,0,2212,0,0,4,40,2,0,0,1,1,0,2,249,330,8
"Defender","Leicester",4.9,38,13,8,"a","Marcin","Wasilewski",40,0.6,9.5,2.4,0,1382,1,0,3,23,0,0,0,5,0,0,2,124,200,8
"Defender","Leicester",1.6,13,13,8,"n","Liam","Moore",39,0,3.3,1.2,0,937,0,0,1,19,0,0,0,4,0,0,0,105,114,8
"Defender","Leicester",0.3,31,13,8,"a","Ritchie","de Laet",43,0.1,7.2,1.8,0,1396,0,1,2,27,0,0,0,3,0,0,1,148,224,8
"Defender","Leicester",0.6,59,13,8,"a","Jeffrey","Schlupp",45,0.3,13.1,2.7,0,1631,3,1,3,30,0,0,0,4,0,0,0,178,221,8
"Defender","Leicester",0.7,56,13,8,"a","Paul","Konchesky",45,0.2,12.4,2.4,0,2008,1,1,4,34,0,0,0,1,2,0,5,214,336,8
"Defender","Leicester",0.4,-1,13,8,"a","Matthew","Upson",39,-0.1,-0.3,-0.5,0,148,0,0,0,4,1,0,0,0,0,0,0,11,7,8
"Midfielder","Leicester",0.1,28,13,8,"a","Daniel","Drinkwater",50,0.1,5.6,1.6,0,1188,0,0,0,24,0,0,0,1,0,0,0,109,178,8
"Midfielder","Leicester",0.1,18,13,8,"a","Dean","Hammond",44,0,4.1,1.8,0,748,0,0,2,13,0,0,0,3,0,0,0,82,109,8
"Midfielder","Leicester",0.1,30,13,8,"a","Matthew","James",44,0.3,6.8,1.7,0,1288,0,0,3,21,0,0,0,1,1,0,0,117,199,8
"Midfielder","Leicester",0.3,65,13,8,"a","Riyad","Mahrez",49,0.3,13.3,3.4,0,1453,2,4,2,25,0,0,0,0,0,0,6,261,266,8
"Midfielder","Leicester",0.1,13,13,8,"a","Anthony","Knockaert",50,0,2.6,1.4,0,335,0,0,1,4,0,0,0,0,0,0,0,39,38,8
"Midfielder","Leicester",1.3,29,13,8,"a","Andy","King",43,0.2,6.7,1.8,0,950,0,1,0,16,0,0,0,1,0,0,2,82,153,8
"Midfielder","Leicester",0.5,1,13,8,"u","Gary","Taylor-Fletcher",42,0,0.2,1,0,18,0,0,0,1,0,0,0,0,0,0,0,0,2,8
"Midfielder","Leicester",2.2,15,13,8,"a","Marc","Albrighton",42,0.3,3.6,1.7,0,285,0,2,1,3,0,0,0,2,0,0,0,50,60,8
"Forward","Leicester",0.4,50,13,8,"a","David","Nugent",49,0.5,10.2,2.2,0,1379,3,1,3,23,0,0,0,2,0,0,1,183,156,8
"Forward","Leicester",0.8,63,13,8,"a","Jamie","Vardy",46,0.5,13.7,2.9,0,1279,1,8,1,30,0,0,0,5,0,0,4,191,154,8
"Forward","Leicester",0.9,11,13,8,"i","Chris","Wood",43,0,2.6,1.6,0,114,1,0,0,3,0,0,0,0,0,0,0,15,26,8
"Forward","Leicester",0.2,0,13,8,"a","Jack","Barmby",42,0,0,0,0,0,0,0,0,0,0,0,0,0,0,0,0,0,0,8
"Goalkeeper","Liverpool",0,0,14,9,"u","Jose","Reina",55,0,0,0,0,0,0,0,0,0,0,0,0,0,0,0,0,0,0,9
"Goalkeeper","Liverpool",4.1,94,14,9,"a","Simon","Mignolet",52,1.1,18.1,3.9,5.8,2145,0,0,10,24,1,0,0,0,0,58,2,266,390,9
"Defender","Crystal Palace",0.6,51,31,5,"a","Martin","Kelly",44,0.6,11.6,2.3,2.5,1850,0,1,4,31,0,0,0,2,0,0,1,209,272,5
"Defender","Liverpool",0.7,38,14,9,"d","Glen","Johnson",52,0,7.3,3.2,0.2,878,1,1,2,14,0,0,0,1,0,0,5,131,174,9
"Defender","Liverpool",7.6,91,14,9,"a","Martin","Skrtel",59,0.8,15.4,4,5,2070,1,0,9,26,0,0,0,6,0,0,17,311,500,9
"Defender","Liverpool",0.2,0,14,9,"u","Daniel","Agger",54,0,0,0,0,0,0,0,0,0,0,0,0,0,0,0,0,0,0,9
"Defender","Liverpool",0.2,9,14,9,"a","José","Enrique Sanchez Diaz",45,0,2,2.2,0,205,0,0,1,2,0,0,0,0,0,0,0,35,37,9
"Defender","Sunderland",0,8,56,17,"a","Sebastián","Coates",44,0,1.8,2,0,283,0,0,1,7,0,0,0,1,0,0,1,16,54,17
"Defender","West Brom",19.8,73,35,19,"a","Andre","Wisdom",44,0.1,16.6,3.3,0.3,1950,0,1,8,29,0,0,0,1,0,0,7,205,379,19
"Defender","Liverpool",0,0,14,9,"u","Conor","Coady",40,0,0,0,0,0,0,0,0,0,0,0,0,0,0,0,0,0,0,9
"Defender","Liverpool",0.5,22,14,9,"a","Kolo","Touré",47,0,4.7,2.8,0,551,0,0,2,7,0,0,0,0,0,0,3,68,134,9
"Defender","Liverpool",0.2,0,14,9,"i","Jon","Flanagan",47,0,0,0,0,0,0,0,0,0,0,0,0,0,0,0,0,0,0,9
"Defender","Liverpool",1.4,52,14,9,"d","Mamadou","Sakho",52,0.7,10,4.3,2.6,1059,0,0,6,9,0,0,0,1,0,0,8,142,288,9
"Defender","Liverpool",0.1,0,14,9,"u","Tiago","Ilori",40,0,0,0,0,0,0,0,0,0,0,0,0,0,0,0,0,0,0,9
"Defender","Liverpool",0,0,14,9,"u","Brad","Smith",40,0,0,0,0,0,0,0,0,0,0,0,0,0,0,0,0,0,0,9
"Midfielder","Liverpool",3.3,87,14,9,"i","Steven","Gerrard",86,0.3,10.1,4,0,1772,6,1,4,28,0,0,0,6,0,0,15,335,422,9
"Midfielder","Liverpool",1.3,28,14,9,"i","Leiva","Lucas",43,0.2,6.5,2,0,1003,0,0,6,9,0,0,0,3,0,0,0,186,177,9
"Midfielder","Liverpool",13.4,97,14,9,"d","Jordan","Henderson",62,0.4,15.6,3.9,1.7,2176,2,7,9,26,0,0,0,5,0,0,13,383,464,9
"Midfielder","Liverpool",29.5,118,14,9,"a","Raheem","Sterling",84,0.6,14,4.9,5.3,2060,6,7,9,26,0,0,0,4,0,0,15,495,385,9
"Midfielder","Liverpool",0.1,29,14,9,"a","Joe","Allen",49,0.3,5.9,2.2,1.5,772,0,1,6,9,0,0,0,2,0,0,0,101,143,9
"Midfielder","Liverpool",4.9,85,14,9,"a","Philippe","Coutinho",77,0.8,11,3.7,6,1712,3,5,7,24,0,0,0,2,0,0,9,378,329,9
"Midfielder","Liverpool",1,10,14,9,"a","Jordon","Ibe",44,0.5,2.3,2,0,270,0,0,2,2,0,0,0,0,0,0,0,63,46,9
"Midfielder","Liverpool",0,0,14,9,"u","Jesús","Fernández Saez",47,0,0,0,0,0,0,0,0,0,0,0,0,0,0,0,0,0,0,9
"Midfielder","Liverpool",0,0,14,9,"i","Jordan","Rossiter",44,0,0,0,0,0,0,0,0,0,0,0,0,0,0,0,0,0,0,9
"Midfielder","Liverpool",0,0,14,9,"u","João Carlos","Vilaça Teixeira",45,0,0,0,0,0,0,0,0,0,0,0,0,0,0,0,0,0,0,9
"Midfielder","Liverpool",0.1,13,14,9,"u","Oussama","Assaidi",48,0,2.7,1.4,0,231,0,1,0,4,0,0,0,1,0,0,0,46,33,9
"Midfielder","Liverpool",0.3,40,14,9,"a","Emre","Can",52,0.5,7.7,2.7,2.8,1036,1,0,7,9,0,0,0,1,0,0,3,157,218,9
"Midfielder","Liverpool",0.5,68,14,9,"a","Adam","Lallana",83,0.3,8.2,4,2.5,1134,4,3,6,11,0,0,0,2,0,0,5,247,256,9
"Forward","Liverpool",11,25,14,9,"a","Daniel","Sturridge",112,0.3,2.2,3.6,3.8,430,2,2,1,6,0,0,0,0,0,0,0,127,78,9
"Forward","Liverpool",0,0,14,9,"u","Iago","Aspas",60,0,0,0,0,0,0,0,0,0,0,0,0,0,0,0,0,0,0,9
"Forward","Liverpool",1.9,36,14,9,"a","Rickie","Lambert",68,0,5.3,2,0.3,605,2,2,2,7,0,0,0,1,0,0,0,121,101,9
"Forward","Liverpool",0.2,17,14,9,"a","Fabio","Borini",60,0,2.8,1.7,0,350,1,1,2,7,0,0,0,1,1,0,1,48,43,9
"Goalkeeper","Man City",6.5,89,43,10,"a","Joe","Hart",61,0.5,14.6,3.7,3.3,2160,0,0,8,21,0,1,0,1,0,51,1,267,356,10
"Goalkeeper","Man City",0.1,3,43,10,"a","Willy","Caballero",52,0,0.6,1.5,0,180,0,0,0,4,0,0,0,0,0,6,0,30,24,10
"Defender","Man City",3.1,39,43,10,"a","Aleksandar","Kolarov",57,0.4,6.8,3,2,769,0,2,4,6,0,0,0,3,0,0,0,137,174,10
"Defender","Man City",0.1,0,43,10,"u","Micah","Richards",49,0,0,0,0,0,0,0,0,0,0,0,0,0,0,0,0,0,0,10
"Defender","Man City",5,66,43,10,"a","Pablo","Zabaleta",64,0.4,10.3,3.5,2.5,1685,1,3,6,19,1,0,0,4,1,0,4,269,380,10
"Defender","Man City",9.3,55,43,10,"a","Vincent","Kompany",64,0.4,8.6,3.1,2.8,1606,0,0,6,16,0,0,0,6,0,0,5,213,335,10
"Defender","Man City",14.5,84,43,10,"a","Gaël","Clichy",58,0.3,14.5,4.4,1.5,1697,1,3,5,20,0,0,0,1,0,0,18,318,437,10
"Defender","Man City",0,0,43,10,"u","Karim","Rekik",45,0,0,0,0,0,0,0,0,0,0,0,0,0,0,0,0,0,0,10
"Defender","Man City",0.2,0,43,10,"u","Matija","Nastasic",51,0,0,0,0,0,0,0,0,0,0,0,0,0,0,0,0,0,0,10
"Defender","Man City",0.1,1,43,10,"a","Dedryck","Boyata",42,0,0.2,1,0,90,0,0,0,1,0,0,0,1,0,0,0,16,13,10
"Defender","Man City",1.4,52,43,10,"a","Martín","Demichelis",59,0.2,8.8,2.5,1,1662,1,0,4,19,1,0,0,3,0,0,1,241,357,10
"Defender","Man City",1.3,15,43,10,"a","Bacary","Sagna",51,0.1,2.9,2.1,0.5,561,0,0,1,7,0,0,0,1,0,0,0,85,95,10
"Midfielder","Sunderland",1.5,36,56,17,"i","Jack","Rodwell",47,0,7.7,2.4,0,889,2,0,2,20,0,0,0,2,0,0,1,147,142,17
"Midfielder","Man City",2.2,73,43,10,"a","Samir","Nasri",82,0.8,8.9,3.8,6.8,1427,2,6,7,13,0,0,0,4,0,0,6,363,381,10
"Midfielder","Man City",19.8,121,43,10,"a","David","Silva",95,0.8,12.7,6,7.8,1621,9,6,6,19,0,0,0,4,0,0,17,476,492,10
"Midfielder","Man City",6.5,93,43,10,"a","Gnegneri Yaya","Touré",107,0,8.7,4.9,0.5,1613,7,1,9,13,0,0,0,5,0,0,14,430,407,10
"Midfielder","Man City",2.1,73,43,10,"a","James","Milner",55,0.9,13.3,3.3,4.8,1249,2,7,4,12,0,0,0,2,0,0,6,290,291,10
"Midfielder","Man City",0.1,0,43,10,"u","Francisco Javier","García Fernández",45,0,0,0,0,0,0,0,0,0,0,0,0,0,0,0,0,0,0,10
"Midfielder","Man City",1.2,68,43,10,"a","Jesús","Navas",72,0.2,9.4,2.7,1.8,1600,0,6,4,19,0,0,0,2,0,0,7,312,367,10
"Midfielder","Man City",0.8,60,43,10,"a","Fernando","Luiz Rosa",68,0.3,8.8,2.6,2,1542,2,2,4,20,0,0,0,6,0,0,6,323,349,10
"Midfielder","Aston Villa",0.1,13,7,2,"a","Scott","Sinclair",52,0.5,2.5,2.2,2.8,195,1,0,0,5,0,0,0,0,0,0,1,29,42,2
"Midfielder","Man City",0.5,39,43,10,"a","Fernando Francisco","Reges",48,0.2,8.1,2.1,1,1339,1,1,4,15,0,0,0,6,0,0,0,225,256,10
"Forward","Man City",3.8,49,43,10,"a","Edin","Dzeko",79,0.6,6.2,3.1,4.5,728,3,4,5,5,0,0,0,1,0,0,3,176,162,10
"Forward","Man City",27.9,137,43,10,"a","Sergio","Agüero",129,0.6,10.6,6.5,7.5,1468,17,6,3,19,0,0,1,4,0,0,20,589,523,10
"Forward","Man City",0,0,43,10,"u","Álvaro","Negredo",90,0,0,0,0,0,0,0,0,0,0,0,0,0,0,0,0,0,0,10
"Forward","Man City",2.9,57,43,10,"a","Stevan","Jovetic",78,0.1,7.3,3.8,0.5,741,5,2,4,7,0,0,0,0,0,0,9,229,247,10
"Goalkeeper","Man Utd",23.3,98,1,11,"a","David","de Gea",59,0.4,16.6,3.8,2.3,2340,0,0,7,26,0,1,0,0,0,72,2,300,394,11
"Goalkeeper","Man Utd",0.1,0,1,11,"a","Anders","Lindegaard",48,0,0,0,0,0,0,0,0,0,0,0,0,0,0,0,0,0,0,11
"Defender","Man Utd",0.8,47,1,11,"a","Chris","Smalling",53,0.8,8.9,3.4,4.5,895,3,0,1,14,0,0,0,0,1,0,8,169,215,11
"Defender","Man Utd",4.3,49,1,11,"a","Phil","Jones",53,0.2,9.2,3.3,1.3,1262,0,1,4,13,0,0,0,2,0,0,6,167,301,11
"Defender","Man Utd",0.5,20,1,11,"a","Rafael Pereira","da Silva",52,0,3.8,2.2,0,588,0,1,1,11,0,0,0,2,0,0,3,89,131,11
"Defender","Man Utd",0.1,0,1,11,"u","Patrice","Evra",55,0,0,0,0,0,0,0,0,0,0,0,0,0,0,0,0,0,0,11
"Defender","Man Utd",0.4,37,1,11,"a","Jonny","Evans",51,0.1,7.3,3.4,0.5,859,0,0,4,6,0,0,0,1,0,0,2,134,199,11
"Defender","Man Utd",0,0,1,11,"u","Guillermo","Varela",43,0,0,0,0,0,0,0,0,0,0,0,0,0,0,0,0,0,0,11
"Defender","Burnley",0.1,29,90,3,"a","Michael","Keane",44,0.3,6.6,1.7,1.3,1327,0,1,1,24,0,0,0,1,0,0,0,127,222,3
"Defender","Man Utd",2.7,31,1,11,"a","Luke","Shaw",57,0.1,5.4,2.4,0.5,913,0,0,2,10,0,0,0,0,1,0,4,123,182,11
"Midfielder","Man Utd",6.1,84,1,11,"a","Juan","Mata",83,0.1,10.1,4,0.5,1481,5,3,5,16,0,0,0,1,0,0,9,295,376,11
"Midfielder","Man Utd",0.5,47,1,11,"a","Marouane","Fellaini",63,0.1,7.5,3.1,0.5,974,3,1,3,9,0,0,0,4,0,0,6,233,196,11
"Midfielder","Man Utd",0.8,62,1,11,"a","Antonio","Valencia",58,0.3,10.7,3.1,1.5,1500,0,5,7,10,0,0,0,2,0,0,6,279,342,11
"Midfielder","Man Utd",0.6,1,1,11,"u","Luis","Nani",70,0,0.1,1,0,45,0,0,0,1,0,0,0,0,0,0,0,5,3,11
"Midfielder","Man Utd",0,1,1,11,"u","Anderson","Oliveira",47,0,0.2,1,0,21,0,0,0,0,0,0,0,0,0,0,0,3,4,11
"Midfielder","Man Utd",0.1,36,1,11,"i","Michael","Carrick",54,0,6.7,2.8,0,1099,0,1,6,7,0,0,0,1,0,0,3,192,213,11
"Midfielder","West Brom",0.5,22,35,19,"a","Darren","Fletcher",45,0.4,4.9,1.6,2,639,0,0,3,8,0,0,0,1,0,0,0,78,122,19
"Midfielder","Aston Villa",0.1,40,7,2,"a","Tom","Cleverley",52,0.1,7.7,1.9,0.8,1716,0,0,5,28,0,0,0,6,0,0,0,163,281,2
"Midfielder","Man Utd",0.8,30,1,11,"a","Ashley","Young",49,0,6.1,2.1,0,1095,0,1,5,9,0,0,0,5,0,0,1,192,174,11
"Midfielder","Man Utd",0,3,1,11,"a","Nick","Powell",44,0,0.7,1,0,43,0,0,0,1,0,0,0,0,0,0,0,-6,7,11
"Midfielder","Man Utd",0.2,0,1,11,"u","Shinji","Kagawa",63,0,0,0,0,0,0,0,0,0,0,0,0,0,0,0,0,0,0,11
"Midfielder","Man Utd",0.1,1,1,11,"u","Jesse","Lingard",43,0,0.2,1,0,23,0,0,0,0,0,0,0,0,0,0,0,2,3,11
"Midfielder","Man Utd",1.1,22,1,11,"a","Adnan","Januzaj",61,0.2,3.6,1.6,1.5,690,0,0,1,10,0,0,0,0,0,0,0,71,64,11
"Midfielder","Crystal Palace",0.6,47,31,5,"a","Wilfried","Zaha",51,0.4,9.2,2.5,2,1046,1,2,5,14,0,0,0,0,0,0,0,182,101,5
"Midfielder","Man Utd",2.1,50,1,11,"a","Ander","Herrera",71,0.4,7,3.6,2.8,798,3,3,2,12,0,0,0,2,0,0,5,191,231,11
"Forward","Man Utd",2.6,103,1,11,"d","Robin","van Persie",121,0.4,8.5,4.3,3.6,1985,10,2,9,21,0,0,0,5,0,0,14,463,346,11
"Forward","Man Utd",0.3,1,1,11,"u","Javier","Hernández",59,0,0.2,1,0,45,0,0,0,1,0,0,0,0,0,0,0,3,2,11
"Forward","Man Utd",15.3,89,1,11,"a","Wayne","Rooney",105,0.1,8.5,4,1.5,1935,8,4,7,21,0,0,0,5,1,0,10,433,499,11
"Forward","Arsenal",5.3,78,3,1,"a","Danny","Welbeck",69,0.4,11.3,3.9,2.5,1548,4,6,6,17,0,0,0,3,0,0,10,336,305,1
"Forward","Man Utd",0.4,15,1,11,"d","James","Wilson",44,0.1,3.4,1.2,0.2,339,1,0,1,3,0,0,0,3,0,0,0,69,41,11
"Forward","Leicester",0.1,2,13,8,"a","Tom","Lawrence",43,0,0.5,1,0,39,0,0,0,0,0,0,0,0,0,0,0,0,2,8
"Goalkeeper","Newcastle",13.2,62,4,12,"a","Tim","Krul",44,0.8,14.1,3.4,3.5,1620,0,0,6,26,0,0,0,1,0,46,4,177,263,12
"Goalkeeper","Newcastle",2.5,5,4,12,"i","Robert","Elliot",40,0,1.2,1.7,0,225,0,0,0,2,0,0,0,0,0,5,0,20,28,12
"Defender","Newcastle",0.5,40,4,12,"a","Michael","Williamson",43,0.6,9.3,1.9,2.5,1548,1,1,3,34,0,0,0,4,1,0,2,156,254,12
"Defender","Newcastle",3,24,4,12,"i","Steven","Taylor",38,0,6.3,2.4,0,652,1,0,2,7,0,0,0,2,1,0,0,95,92,12
"Defender","Newcastle",4.2,63,4,12,"a","Fabricio","Coloccini",45,0.6,14,2.7,2.5,2057,1,0,5,40,0,0,0,3,0,0,9,214,385,12
"Defender","Newcastle",0,3,4,12,"a","Ryan","Taylor",44,0.1,0.7,1,0.3,62,0,0,0,0,0,0,0,0,0,0,0,24,9,12
"Defender","Newcastle",0.1,0,4,12,"u","Davide","Santon",43,0,0,0,0,0,0,0,0,0,0,0,0,0,0,0,0,0,0,12
"Defender","Arsenal",4.2,23,3,1,"i","Mathieu","Debuchy",52,0,4.4,2.3,0,805,1,1,0,12,0,0,0,2,0,0,0,147,130,1
"Defender","Newcastle",0.1,0,4,12,"u","Mapou","Yanga-Mbiwa",44,0,0,0,0,0,0,0,0,0,0,0,0,0,0,0,0,0,0,12
"Defender","Newcastle",0.9,38,4,12,"a","Massadio","Haidara",41,0.9,9.3,2.7,3.8,1041,0,1,3,19,0,0,0,0,0,0,4,125,200,12
"Defender","Newcastle",6.4,49,4,12,"i","Paul","Dummett",43,0.1,11.4,2.3,0,1747,0,0,5,28,1,0,0,3,0,0,3,164,295,12
"Defender","Newcastle",0.2,0,4,12,"a","Lubomir","Satka",39,0,0,0,0,0,0,0,0,0,0,0,0,0,0,0,0,0,0,12
"Midfielder","Newcastle",0.2,22,4,12,"a","Gabriel","Obertan",43,0.1,5.1,2.8,0.5,329,1,1,1,5,0,0,0,0,0,0,3,73,80,12
"Midfielder","Newcastle",1.2,23,4,12,"i","Cheick","Tioté",43,0,5.3,2.1,0,895,0,2,1,19,0,0,0,5,0,0,0,113,156,12
"Midfielder","Newcastle",0.5,11,4,12,"u","Hatem","Ben Arfa",55,0,2,1.4,0,383,0,0,1,5,0,0,0,1,0,0,0,33,39,12
"Midfielder","Newcastle",0,0,4,12,"u","Shane","Ferguson",45,0,0,0,0,0,0,0,0,0,0,0,0,0,0,0,0,0,0,12
"Midfielder","Newcastle",0,12,4,12,"a","Mehdi","Abeid",43,0.2,2.8,1.7,1,334,0,0,2,4,0,0,0,0,0,0,0,39,61,12
"Midfielder","Newcastle",0,0,4,12,"u","Sylvain","Marveaux",45,0,0,0,0,0,0,0,0,0,0,0,0,0,0,0,0,0,0,12
"Midfielder","Newcastle",0,0,4,12,"u","Gael","Bigirimana",44,0,0,0,0,0,0,0,0,0,0,0,0,0,0,0,0,0,0,12
"Midfielder","Newcastle",0.1,20,4,12,"a","Vurnon","Anita",47,0.3,4.3,1.7,1.3,737,0,0,3,15,0,0,0,2,0,0,0,59,99,12
"Midfielder","Newcastle",2,72,4,12,"a","Moussa","Sissoko",58,0.6,12.4,3,3.5,2137,2,3,6,36,0,0,0,5,1,0,7,298,279,12
"Midfielder","Newcastle",3.9,83,4,12,"s","Jack","Colback",49,0.9,16.9,3.3,0,2228,3,5,6,41,0,0,0,10,0,0,7,338,422,12
"Midfielder","Newcastle",0.2,0,4,12,"a","Jonás","Gutiérrez",42,0,0,0,0,0,0,0,0,0,0,0,0,0,0,0,0,0,0,12
"Midfielder","Newcastle",0.5,57,4,12,"a","Yoan","Gouffran",61,0.4,9.3,2.5,2.5,1656,2,1,2,36,0,0,0,3,0,0,4,234,244,12
"Midfielder","Newcastle",2.7,50,4,12,"a","Sammy","Ameobi",43,0.6,11.6,2.9,2.5,949,2,3,7,5,0,0,0,2,0,0,0,204,149,12
"Midfielder","Newcastle",0.4,3,4,12,"i","Siem","de Jong",68,0,0.4,1.5,0,99,0,0,0,2,0,0,0,0,0,0,0,14,10,12
"Forward","Newcastle",1,83,4,12,"a","Papiss Demba","Cissé",54,0.6,15.4,4.9,3.3,838,10,1,1,15,0,0,0,1,0,0,18,281,294,12
"Forward","Newcastle",0.1,0,4,12,"n","Adam","Campbell",44,0,0,0,0,0,0,0,0,0,0,0,0,0,0,0,0,0,0,12
"Forward","Newcastle",0.2,8,4,12,"a","Adam","Armstrong",43,0,1.9,1.6,0,139,0,1,0,7,0,0,0,1,0,0,0,14,16,12
"Forward","Newcastle",1.6,70,4,12,"a","Ayoze","Pérez Gutiérrez",45,0.4,15.6,2.8,2,1585,5,0,3,30,0,0,0,0,0,0,9,290,232,12
"Goalkeeper","QPR",2.6,83,52,13,"a","Robert","Green",45,0.7,18.4,3.3,0,2250,0,0,5,42,0,1,0,1,0,94,5,240,401,13
"Goalkeeper","QPR",1.7,0,52,13,"a","Brian","Murphy",40,0,0,0,0,0,0,0,0,0,0,0,0,0,0,0,0,0,0,13
"Defender","QPR",0.2,33,52,13,"i","Richard","Dunne",43,0.4,7.7,1.9,0,1419,0,0,4,25,1,0,0,6,0,0,2,161,212,13
"Defender","QPR",0.1,22,52,13,"a","Clint","Hill",43,0.1,5.1,2.4,0,704,0,0,3,11,0,0,0,3,0,0,0,65,105,13
"Defender","QPR",0.1,14,52,13,"i","Nedum","Onuoha",43,0.2,3.3,1.2,0,990,0,1,0,21,1,0,0,1,0,0,0,89,139,13
"Defender","QPR",1.6,27,52,13,"a","Suk-Young","Yun",39,0.5,6.9,2.1,0,995,0,0,3,19,0,0,0,1,0,0,0,109,132,13
"Defender","Leicester",0.2,24,13,8,"a","Danny","Simpson",42,0.2,5.7,1.7,0,1162,0,0,2,19,0,0,0,4,0,0,0,96,165,8
"Midfielder","QPR",0.3,21,52,13,"a","Armand","Traore",43,0.2,4.9,1.4,0,747,0,0,1,18,0,0,0,2,0,0,0,65,106,13
"Midfielder","QPR",0.1,3,52,13,"i","Alejandro","Faurlin",42,0,0.7,1.5,0,91,0,0,0,1,0,0,0,0,0,0,0,7,19,13
"Midfielder","QPR",0.2,39,52,13,"a","Karl","Henry",44,0.3,8.9,1.9,0,1653,0,0,4,29,0,0,0,4,0,0,0,131,207,13
"Midfielder","QPR",0.2,32,52,13,"s","Joey","Barton",48,0.1,6.7,1.7,0,1538,0,1,4,27,0,0,0,8,1,0,1,201,230,13
"Midfielder","QPR",0.2,0,52,13,"u","Jermaine","Jenas",44,0,0,0,0,0,0,0,0,0,0,0,0,0,0,0,0,0,0,13
"Midfielder","QPR",0,0,52,13,"u","Gary","O'Neil",44,0,0,0,0,0,0,0,0,0,0,0,0,0,0,0,0,0,0,13
"Midfielder","QPR",0.2,24,52,13,"a","Junior","Hoilett",44,0.1,5.5,1.5,0,644,0,1,2,14,0,0,0,1,0,0,0,41,58,13
"Midfielder","QPR",0.2,1,52,13,"a","Shaun","Wright-Phillips",45,0.1,0.2,1,0,39,0,0,0,0,0,0,0,0,0,0,0,12,8,13
"Midfielder","QPR",0.1,29,52,13,"a","Matthew","Phillips",46,0.8,6.3,2.2,0,741,0,3,1,19,0,0,0,1,0,0,2,59,67,13
"Midfielder","QPR",0.1,8,52,13,"a","Adel","Taarabt",53,0.1,1.5,1.6,0,198,0,0,1,3,0,0,0,0,0,0,0,18,33,13
"Forward","Chelsea",2,32,8,4,"a","Loïc","Remy",71,0.4,4.5,2.3,0,557,3,0,1,8,0,0,0,0,0,0,1,119,111,4
"Forward","QPR",3.1,47,52,13,"a","Bobby","Zamora",41,0.4,11.5,2.1,0,1134,2,3,5,11,0,0,0,3,0,0,0,129,164,13
"Forward","QPR",14.6,125,52,13,"a","Charlie","Austin",63,0.6,19.8,5.4,0,1985,14,4,4,37,0,0,1,1,1,0,18,520,409,13
"Goalkeeper","Southampton",0.1,0,20,14,"a","Paulo","Gazzaniga",44,0,0,0,0,0,0,0,0,0,0,0,0,0,0,0,0,0,0,14
"Goalkeeper","Southampton",0.2,0,20,14,"u","Artur","Boruc",47,0,0,0,0,0,0,0,0,0,0,0,0,0,0,0,0,0,0,14
"Defender","Southampton",0.2,0,20,14,"u","Jos","Hooiveld",40,0,0,0,0,0,0,0,0,0,0,0,0,0,0,0,0,0,0,14
"Defender","Southampton",14.2,103,20,14,"a","Jose","Fonte",59,0.6,17.5,4.1,3.5,2250,0,0,12,18,0,0,0,4,0,0,13,299,534,14
"Defender","Southampton",34.7,113,20,14,"a","Nathaniel","Clyne",61,0.8,18.5,4.7,4.8,2156,2,1,11,18,0,0,0,3,0,0,13,338,495,14
"Defender","Southampton",2.2,53,20,14,"a","Maya","Yoshida",43,1.2,12.3,3.5,5,1133,1,1,4,14,0,0,0,3,0,0,8,144,236,14
"Defender","Liverpool",9.5,36,14,9,"a","Dejan","Lovren",49,0.3,7.3,2,1.5,1332,0,0,3,21,0,0,0,3,0,0,1,127,256,9
"Defender","Arsenal",7.9,58,3,1,"a","Calum","Chambers",47,0.1,12.3,3.1,0.3,1389,1,1,6,19,0,0,0,7,1,0,8,194,315,1
"Defender","Southampton",0.2,0,20,14,"u","Jack","Stephens",39,0,0,0,0,0,0,0,0,0,0,0,0,0,0,0,0,0,0,14
"Defender","Southampton",0.5,7,20,14,"a","Matt","Targett",39,0.1,1.8,1.2,0.5,226,0,0,0,3,0,0,0,0,0,0,0,28,41,14
"Midfielder","Swansea",1.4,35,80,18,"a","Jack","Cork",43,0.3,8.1,2.3,1.3,751,2,0,4,4,0,0,0,1,0,0,0,109,170,18
"Midfielder","Southampton",5.9,55,20,14,"d","Morgan","Schneiderlin",55,0,10,3.1,0.2,1467,3,1,8,9,0,0,0,5,1,0,4,281,322,14
"Midfielder","Southampton",1.9,60,20,14,"d","Steven","Davis",47,0.5,12.8,2.4,1.7,1941,0,2,9,15,0,0,0,2,0,0,2,270,365,14
"Midfielder","Southampton",1.9,55,20,14,"a","James","Ward-Prowse",48,0.4,11.5,3.4,1.8,1089,0,7,6,8,0,0,0,0,0,0,2,225,200,14
"Midfielder","Hull",0.1,33,88,7,"a","Gastón","Ramírez",54,0.5,6.1,1.9,2.5,708,1,2,1,10,0,0,0,0,1,0,3,116,107,7
"Midfielder","Southampton",4.7,67,20,14,"a","Victor","Wanyama",46,0.4,14.6,3,1.8,1620,3,1,7,16,0,0,0,5,0,0,8,254,357,14
"Midfielder","Southampton",0.6,1,20,14,"i","Lloyd","Isgrove",42,0,0.2,1,0,9,0,0,0,0,0,0,0,0,0,0,0,1,3,14
"Midfielder","Southampton",0.1,14,20,14,"a","Harrison","Reed",43,0.3,3.3,2,1.5,369,0,0,3,1,0,0,0,0,0,0,0,51,69,14
"Midfielder","Southampton",5.2,100,20,14,"a","Dusan","Tadic",77,0.2,13,4.2,1.3,1712,3,9,9,13,0,0,1,2,0,0,11,430,371,14
"Forward","Southampton",0,0,20,14,"u","Billy","Sharp",45,0,0,0,0,0,0,0,0,0,0,0,0,0,0,0,0,0,0,14
"Forward","Southampton",0.1,0,20,14,"i","Jay","Rodriguez",73,0,0,0,0,0,0,0,0,0,0,0,0,0,0,0,0,0,0,14
"Forward","Southampton",0,5,20,14,"i","Emmanuel","Mayuka",47,0,1.1,1,0,54,0,0,0,2,0,0,0,0,0,0,0,4,9,14
"Forward","Southampton",0,0,20,14,"u","Pablo","Osvaldo",70,0,0,0,0,0,0,0,0,0,0,0,0,0,0,0,0,0,0,14
"Forward","Southampton",0,0,20,14,"i","Sam","Gallagher",47,0,0,0,0,0,0,0,0,0,0,0,0,0,0,0,0,0,0,14
"Forward","Southampton",13.6,105,20,14,"a","Graziano","Pellè",77,0.3,13.6,4,2,2310,8,5,13,18,0,0,0,4,0,0,10,381,279,14
"Goalkeeper","Spurs",0.1,0,6,15,"a","Brad","Friedel",48,0,0,0,0,0,0,0,0,0,0,0,0,0,0,0,0,0,0,15
"Goalkeeper","Spurs",10.9,95,6,15,"a","Hugo","Lloris",56,0.6,17,3.7,0,2340,0,0,6,36,0,1,0,0,0,86,6,303,413,15
"Defender","Hull",1.4,30,88,7,"a","Michael","Dawson",46,0.5,6.5,1.9,2.3,1352,0,0,3,26,0,0,0,4,0,0,0,169,228,7
"Defender","Spurs",3.8,67,6,15,"a","Danny","Rose",48,1,14,3.4,0,1669,2,3,4,28,0,0,0,3,0,0,4,273,353,15
"Defender","Spurs",0.2,0,6,15,"u","Benoit","Assou-Ekotto",44,0,0,0,0,0,0,0,0,0,0,0,0,0,0,0,0,0,0,15
"Defender","Spurs",1.6,28,6,15,"a","Younes","Kaboul",47,0,6,2.5,0,990,0,0,3,16,0,0,0,2,0,0,2,108,177,15
"Defender","Spurs",0.6,21,6,15,"a","Kyle","Walker",58,0.6,3.6,2.1,0,900,0,1,1,15,0,0,0,3,0,0,1,139,164,15
"Defender","Swansea",0.6,16,80,18,"a","Kyle","Naughton",43,0.9,3.7,1.8,3.8,674,0,1,1,8,0,0,0,1,2,0,2,114,104,18
"Defender","Spurs",2,64,6,15,"a","Jan","Vertonghen",59,0.4,10.8,2.9,0,1911,1,0,5,28,0,0,0,4,0,0,6,270,385,15
"Defender","Spurs",0.1,12,6,15,"a","Vlad","Chiriches",47,0,2.6,2,0,474,0,0,1,7,0,0,0,2,0,0,1,48,87,15
"Defender","Crystal Palace",0,1,31,5,"n","Ezekiel","Fryers",42,0,0.2,1,0,4,0,0,0,0,0,0,0,0,0,0,0,1,3,5
"Defender","Spurs",0.3,0,6,15,"u","Milos","Veljkovic",39,0,0,0,0,0,0,0,0,0,0,0,0,0,0,0,0,0,0,15
"Defender","Spurs",0.1,0,6,15,"u","Ryan","Fredericks",40,0,0,0,0,0,0,0,0,0,0,0,0,0,0,0,0,0,0,15
"Midfielder","Spurs",0.5,39,6,15,"a","Mousa","Dembélé",52,1,7.5,2.3,0,909,1,2,2,17,0,0,0,1,0,0,2,163,206,15
"Midfielder","QPR",0.1,13,52,13,"d","Sandro Ranieri","Guimaraes Cordeiro",48,0,2.7,1.6,0,493,0,0,2,9,0,0,0,2,0,0,0,52,63,13
"Midfielder","Everton",0.6,23,11,6,"a","Aaron","Lennon",62,0.2,3.7,1.9,1.5,473,0,2,2,6,0,0,0,1,0,0,0,54,73,6
"Midfielder","Spurs",0,0,6,15,"u","Iago","Falque",45,0,0,0,0,0,0,0,0,0,0,0,0,0,0,0,0,0,0,15
"Midfielder","Swansea",0.2,18,80,18,"a","Tom","Carroll",44,0.2,4.1,1.5,0.8,632,0,0,1,10,0,0,0,1,0,0,0,86,120,18
"Midfielder","Swansea",24.4,106,80,18,"a","Gylfi","Sigurdsson",64,0.1,16.6,4.8,0.5,1829,4,8,6,31,0,0,0,2,0,0,15,377,452,18
"Midfielder","Spurs",1,11,6,15,"a","José Paulo","Bezerra Maciel Júnior",67,0.1,1.6,1,0,258,0,0,1,4,0,0,0,2,0,0,0,28,36,15
"Midfielder","Spurs",0.4,23,6,15,"a","Andros","Townsend",62,0,3.7,2.3,0,443,1,2,1,9,0,0,0,2,0,0,0,96,60,15
"Midfielder","Spurs",12,106,6,15,"a","Nacer","Chadli",64,0.2,16.6,4.6,0,1465,7,6,4,24,0,0,0,2,0,0,12,365,370,15
"Midfielder","Spurs",0.1,23,6,15,"a","Etienne","Capoue",48,0,4.8,1.9,0,897,0,0,3,15,0,0,0,2,0,0,0,118,142,15
"Midfielder","Spurs",1.4,64,6,15,"a","Erik","Lamela",75,0.4,8.5,2.8,0,1697,1,5,4,24,0,0,0,4,0,0,4,306,278,15
"Midfielder","Spurs",23.6,125,6,15,"a","Christian","Eriksen",85,0.4,14.7,4.8,0,2120,9,2,7,32,0,0,0,4,0,0,23,484,540,15
"Midfielder","Spurs",0.7,29,6,15,"a","Nabil","Bentaleb",43,0.6,6.7,2.1,0,1117,0,1,2,18,0,0,0,3,0,0,2,168,205,15
"Midfielder","Spurs",0,0,6,15,"a","Harry","Winks",44,0,0,0,0,0,0,0,0,0,0,0,0,0,0,0,0,0,0,15
"Midfielder","Spurs",0,0,6,15,"u","Alex","Pritchard",45,0,0,0,0,0,0,0,0,0,0,0,0,0,0,0,0,0,0,15
"Midfielder","Spurs",0.1,1,6,15,"u","Lewis","Holtby",58,0,0.2,1,0,30,0,0,0,0,0,0,0,0,0,0,0,6,2,15
"Forward","Spurs",1.9,38,6,15,"a","Emmanuel","Adebayor",80,0,4.8,3.5,0,794,2,2,3,9,0,0,0,1,0,0,6,164,95,15
"Forward","Spurs",46.3,130,6,15,"a","Harry","Kane",63,1.6,20.6,5.9,0,1523,14,6,3,23,1,0,1,3,0,0,25,542,485,15
"Forward","Spurs",0.8,29,6,15,"a","Roberto","Soldado",76,0.1,3.8,1.7,0,692,1,1,1,12,0,0,1,1,0,0,2,105,85,15
"Goalkeeper","Stoke",5.8,76,110,16,"a","Asmir","Begovic",48,0.4,15.8,2.9,2,2340,0,0,5,34,0,0,0,1,0,56,3,251,360,16
"Goalkeeper","Stoke",0.2,0,110,16,"a","Thomas","Sørensen",43,0,0,0,0,0,0,0,0,0,0,0,0,0,0,0,0,0,0,16
"Defender","Stoke",1.8,0,110,16,"a","Andy","Wilkinson",38,0,0,0,0,0,0,0,0,0,0,0,0,0,0,0,0,0,0,16
"Defender","Stoke",7.6,65,110,16,"i","Ryan","Shawcross",53,0,12.3,3,0,1931,2,0,4,28,0,0,0,4,0,0,6,249,316,16
"Defender","Leicester",0.2,3,13,8,"a","Robert","Huth",47,0.1,0.6,1,0,184,0,0,0,4,0,0,0,0,0,0,0,11,32,8
"Defender","Stoke",0.9,43,110,16,"a","Marc","Wilson",43,0.3,10,2.3,1.3,1521,0,0,3,18,0,0,0,3,0,0,3,173,251,16
"Defender","Stoke",3.7,32,110,16,"a","Geoff","Cameron",42,0.2,7.6,1.9,1,1303,0,1,2,22,0,0,0,4,0,0,1,135,211,16
"Defender","Stoke",0.8,53,110,16,"d","Erik","Pieters",46,0.1,11.5,2.8,0.4,1653,0,2,3,22,0,0,0,4,0,0,8,213,308,16
"Defender","Stoke",0.4,42,110,16,"i","Marc","Muniesa",44,0.1,9.5,2.6,0,1139,0,0,5,15,0,0,0,3,0,0,2,137,222,16
"Defender","Stoke",0.4,44,110,16,"a","Phil","Bardsley",49,0.3,9,2.2,1.5,1718,0,1,3,26,0,0,0,6,0,0,4,219,246,16
"Defender","Stoke",0,1,110,16,"a","Dionatan do Nascimento","Teixeira",42,0.1,0.2,1,0.3,5,0,0,0,0,0,0,0,0,0,0,0,1,3,16
"Defender","Stoke",0.2,0,110,16,"u","Ryan","Shotton",40,0,0,0,0,0,0,0,0,0,0,0,0,0,0,0,0,0,0,16
"Midfielder","Stoke",0.1,23,110,16,"a","Stephen","Ireland",47,0.8,4.9,2.6,3.8,524,0,3,0,7,0,0,0,2,0,0,1,98,97,16
"Midfielder","Stoke",0.5,34,110,16,"a","Charlie","Adam",54,0.1,6.3,2,0.5,596,2,0,1,9,0,0,0,2,0,0,4,128,140,16
"Midfielder","Stoke",0,34,110,16,"a","Glenn","Whelan",49,0.3,6.9,1.9,1.5,1400,0,0,5,19,0,0,0,4,0,0,0,205,202,16
"Midfielder","Stoke",0.2,0,110,16,"a","Wilson","Palacios",43,0,0,0,0,0,0,0,0,0,0,0,0,0,0,0,0,0,0,16
"Midfielder","Stoke",4.3,89,110,16,"a","Jonathan","Walters",53,1,16.8,4.5,5.5,1524,7,4,2,21,0,0,0,4,0,0,8,336,268,16
"Midfielder","Stoke",0.4,66,110,16,"a","Steven","N'Zonzi",49,0.4,13.5,2.5,2,2295,1,1,5,33,0,0,0,1,0,0,3,318,383,16
"Midfielder","Stoke",0,0,110,16,"u","Brek","Shea",43,0,0,0,0,0,0,0,0,0,0,0,0,0,0,0,0,0,0,16
"Midfielder","Stoke",0,0,110,16,"u","Jamie","Ness",44,0,0,0,0,0,0,0,0,0,0,0,0,0,0,0,0,0,0,16
"Midfielder","Stoke",0.1,0,110,16,"a","Charlie","Ward",43,0,0,0,0,0,0,0,0,0,0,0,0,0,0,0,0,0,0,16
"Midfielder","Stoke",1.3,10,110,16,"a","Steve","Sidwell",50,0.1,2,1.1,0.5,424,0,0,0,8,0,0,0,3,0,0,0,21,39,16
"Midfielder","Stoke",0.6,39,110,16,"a","Marko","Arnautovic",62,0.2,6.3,2.2,1.5,1151,0,2,4,18,0,0,0,1,0,0,0,118,150,16
"Midfielder","Stoke",0.3,3,110,16,"i","Peter","Odemwingie",61,0,0.5,1.5,0,109,0,0,0,1,0,0,0,0,0,0,0,17,22,16
"Forward","Stoke",1.5,78,110,16,"a","Peter","Crouch",57,0.6,13.7,3.4,3.5,1343,6,3,3,19,0,0,0,3,0,0,11,207,234,16
"Forward","Stoke",0.1,0,110,16,"u","Cameron","Jerome",50,0,0,0,0,0,0,0,0,0,0,0,0,0,0,0,0,0,0,16
"Forward","Stoke",0.5,75,110,16,"a","Mame Biram","Diouf",61,0.5,12.3,3.4,3.3,1623,6,2,3,23,0,0,0,4,0,0,10,282,211,16
"Goalkeeper","Sunderland",4.7,29,56,17,"a","Vito","Mannone",42,0,6.9,3.2,0,810,0,0,2,17,0,0,0,0,0,30,2,81,143,17
"Goalkeeper","Sunderland",4.5,79,56,17,"a","Costel","Pantilimon",46,0.9,17.2,4.6,4.3,1530,0,0,7,19,0,0,0,2,0,70,6,167,310,17
"Defender","Sunderland",8.9,80,56,17,"a","John","O'Shea",46,0.9,17.4,3.1,4.3,2340,0,0,9,36,0,0,0,3,0,0,8,216,468,17
"Defender","Sunderland",0.5,58,56,17,"a","Wes","Brown",44,0.4,13.2,2.9,1.8,1647,0,0,7,20,1,0,0,3,0,0,4,178,311,17
"Defender","Sunderland",0.4,0,56,17,"u","Modibo","Diakité",40,0,0,0,0,0,0,0,0,0,0,0,0,0,0,0,0,0,0,17
"Defender","Sunderland",0.1,0,56,17,"u","Valentin","Roberge",40,0,0,0,0,90,0,0,0,2,0,0,0,1,0,0,0,2,8,17
"Defender","Sunderland",0.1,15,56,17,"i","Billy","Jones",43,0,3.5,2.5,0,540,0,1,2,9,0,0,0,5,0,0,0,48,59,17
"Midfielder","Sunderland",3,79,56,17,"a","Adam","Johnson",60,0.3,13.2,3.4,2,1733,4,1,10,23,0,0,0,2,0,0,5,285,309,17
"Midfielder","Sunderland",2.7,41,56,17,"a","Lee","Cattermole",43,0.2,9.5,2.2,0.8,1602,1,0,7,26,0,0,0,9,0,0,1,157,220,17
"Midfielder","Sunderland",5.2,84,56,17,"a","Sebastian","Larsson",54,0.3,15.6,3.2,1.8,2168,3,4,8,31,0,0,0,7,0,0,6,351,421,17
"Midfielder","Sunderland",0,0,56,17,"u","Alfred","N'Diaye",45,0,0,0,0,0,0,0,0,0,0,0,0,0,0,0,0,0,0,17
"Midfielder","Sunderland",0,0,56,17,"u","Tavares Varela","Adilson Cabral",43,0,0,0,0,0,0,0,0,0,0,0,0,0,0,0,0,0,0,17
"Midfielder","Sunderland",0,8,56,17,"i","Emanuele","Giaccherini",58,0,1.4,1.1,0,292,0,0,1,4,0,0,0,2,0,0,0,39,26,17
"Midfielder","Sunderland",0,0,56,17,"u","El-Hadji","Ba",45,0,0,0,0,0,0,0,0,0,0,0,0,0,0,0,0,0,0,17
"Midfielder","Sunderland",0,0,56,17,"u","Charalampos","Mavrias",43,0,0,0,0,0,0,0,0,0,0,0,0,0,0,0,0,0,0,17
"Midfielder","Sunderland",0.3,18,56,17,"a","Liam","Bridcutt",43,0.5,4.2,1.4,2.3,639,0,2,2,10,1,0,0,3,1,0,0,90,92,17
"Midfielder","Sunderland",0.1,0,56,17,"a","Liam","Agnew",43,0,0,0,0,0,0,0,0,0,0,0,0,0,0,0,0,0,0,17
"Midfielder","Sunderland",0.1,52,56,17,"a","Jordi","Gomez Garcia-Penche",51,0.2,10.2,2.4,1.3,1343,2,1,5,16,0,0,0,5,0,0,4,196,221,17
"Forward","Sunderland",0.7,57,56,17,"a","Connor","Wickham",56,0.4,10.2,2.4,2.3,1882,3,1,8,29,0,0,0,5,0,0,2,235,141,17
"Forward","Sunderland",0.4,55,56,17,"a","Steven","Fletcher",50,0.1,11,2.6,0.8,1287,4,1,4,23,0,0,0,4,0,0,6,199,158,17
"Forward","Sunderland",0.1,1,56,17,"u","Mikael","Mandron",43,0,0.2,1,0,5,0,0,0,0,0,0,0,0,0,0,0,-4,3,17
"Forward","Sunderland",0,0,56,17,"u","David","Moberg-Karlsson",45,0,0,0,0,0,0,0,0,0,0,0,0,0,0,0,0,0,0,17
"Forward","Sunderland",0.2,13,56,17,"u","Jozy","Altidore",51,0,2.5,1.2,0,311,0,0,1,4,0,0,0,0,0,0,0,31,16,17
"Forward","Sunderland",0,0,56,17,"u","Ignacio","Scocco",50,0,0,0,0,0,0,0,0,0,0,0,0,0,0,0,0,0,0,17
"Forward","Sunderland",0,7,56,17,"a","Danny","Graham",47,0.3,1.5,1.4,1.3,187,0,0,1,2,0,0,0,0,0,0,0,26,11,17
"Goalkeeper","Spurs",0.3,0,6,15,"a","Michel","Vorm",47,0,0,0,0,0,0,0,0,0,0,0,0,0,0,0,0,0,0,15
"Goalkeeper","Swansea",5.4,94,80,18,"a","Lukasz","Fabianski",52,0.7,18.1,3.8,3.5,2227,0,0,9,32,0,0,0,0,1,82,3,261,413,18
"Defender","Swansea",9.3,84,80,18,"a","Ashley","Williams",53,0.5,15.8,3.2,2.8,2340,0,0,9,34,0,0,0,4,0,0,12,309,552,18
"Defender","Swansea",5.9,72,80,18,"a","Neil","Taylor",48,0.5,15,2.9,2.3,2188,0,1,9,31,0,0,0,8,0,0,3,259,469,18
"Defender","Swansea",0.1,0,80,18,"u","Alan","Tate",39,0,0,0,0,0,0,0,0,0,0,0,0,0,0,0,0,0,0,18
"Defender","Swansea",0.5,53,80,18,"a","Angel","Rangel",50,0.1,10.6,2.5,0.5,1582,0,0,6,20,0,0,0,0,1,0,0,193,346,18
"Defender","Swansea",0,0,80,18,"u","","Chico",50,0,0,0,0,0,0,0,0,0,0,0,0,0,0,0,0,0,0,18
"Defender","Swansea",1.3,11,80,18,"i","Kyle","Bartley",39,0,2.8,1.8,0,540,0,0,1,9,0,0,0,2,0,0,0,58,101,18
"Defender","Spurs",0.9,26,6,15,"a","Ben","Davies",44,0,5.9,2.9,0,664,0,1,2,8,0,0,0,2,0,0,2,93,125,15
"Defender","Swansea",0,2,80,18,"a","Dwight","Tiendalli",43,0,0.5,0.7,0,129,0,0,0,5,0,0,0,0,0,0,0,10,25,18
"Defender","Swansea",0.2,16,80,18,"a","Jordi","Amat",41,0.1,3.9,2.7,0.5,317,0,0,2,2,0,0,0,1,0,0,0,55,88,18
"Defender","Swansea",0.4,18,80,18,"n","Ashley","Richards",40,0,4.5,2.6,0,425,0,0,2,7,0,0,0,1,0,0,2,47,87,18
"Defender","Swansea",0,0,80,18,"n","Stephen","Kingsley",43,0,0,0,0,0,0,0,0,0,0,0,0,0,0,0,0,0,0,18
"Midfielder","Swansea",1,65,80,18,"a","Wayne","Routledge",54,0.1,12,3,0.8,1719,3,1,8,24,0,0,0,1,1,0,1,225,201,18
"Midfielder","Swansea",5.2,68,80,18,"a","Nathan","Dyer",53,0.3,12.8,3.1,1.5,1411,3,2,6,23,0,0,0,2,0,0,5,252,251,18
"Midfielder","Swansea",0.1,12,80,18,"a","Leon","Britton",44,0,2.7,1.7,0,452,0,0,1,8,0,0,0,1,0,0,0,52,92,18
"Midfielder","Swansea",0,0,80,18,"u","Pablo","Hernández",60,0,0,0,0,0,0,0,0,0,0,0,0,0,0,0,0,0,0,18
"Midfielder","Swansea",0,0,80,18,"u","Alejandro","Pozuelo Melero",45,0,0,0,0,0,0,0,0,0,0,0,0,0,0,0,0,0,0,18
"Midfielder","Swansea",2.9,56,80,18,"a","Jonjo","Shelvey",52,1.1,10.8,2.8,5.8,1504,2,3,7,17,1,0,0,6,1,0,5,216,235,18
"Midfielder","Swansea",0,0,80,18,"u","Miguel","Michu",75,0,0,0,0,0,0,0,0,0,0,0,0,0,0,0,0,0,0,18
"Midfielder","Swansea",0.1,0,80,18,"u","José Alberto","Cañas Ruiz Herrera",44,0,0,0,0,0,0,0,0,0,0,0,0,0,0,0,0,0,0,18
"Midfielder","Swansea",0.1,0,80,18,"u","Lee","Lucas",45,0,0,0,0,0,0,0,0,0,0,0,0,0,0,0,0,0,0,18
"Midfielder","Swansea",0,4,80,18,"a","Jay","Fulton",45,0.2,0.9,2,0.8,115,0,0,1,1,0,0,0,0,0,0,0,18,16,18
"Midfielder","Swansea",0.1,0,80,18,"a","Adam","King",43,0,0,0,0,0,0,0,0,0,0,0,0,0,0,0,0,0,0,18
"Midfielder","Swansea",3.9,89,80,18,"a","Sung-yueng","Ki",50,0.9,17.8,3.9,4.8,1998,5,1,8,25,0,0,0,4,0,0,12,347,483,18
"Forward","Man City",4.5,85,43,10,"a","Wilfried","Bony",82,0,10.4,4,0.3,1327,9,2,6,18,0,0,0,2,1,0,12,371,300,10
"Forward","Swansea",0,0,80,18,"u","Rory","Donnelly",44,0,0,0,0,0,0,0,0,0,0,0,0,0,0,0,0,0,0,18
"Forward","Swansea",0.4,45,80,18,"a","Bafétimbi","Gomis",65,0.5,6.9,2,3,1066,2,1,3,18,0,0,0,0,0,0,2,114,98,18
"Forward","Swansea",0,11,80,18,"a","Marvin","Emnes",49,0.1,2.2,1.1,0.3,264,0,0,0,4,0,0,0,0,0,0,0,46,31,18
"Goalkeeper","West Brom",12.3,2,35,19,"a","Boaz","Myhill",40,0,0.5,2,0,90,0,0,0,2,0,0,0,0,0,5,0,10,15,19
"Goalkeeper","West Brom",7.4,90,35,19,"a","Ben","Foster",46,0.8,19.6,3.6,3.8,2250,0,0,10,32,0,0,0,1,0,67,3,227,400,19
"Defender","West Brom",0.1,8,35,19,"a","Jonas","Olsson",46,0,1.7,2,0,360,0,0,1,7,0,0,0,1,0,0,0,27,55,19
"Defender","West Brom",0.2,44,35,19,"a","Gareth","McAuley",48,0.7,9.2,3.7,3.5,1080,0,0,6,14,0,0,0,1,0,0,2,93,207,19
"Defender","West Brom",3,60,35,19,"a","Craig","Dawson",44,0.7,13.6,3.3,3,1620,2,0,6,25,0,0,0,4,0,0,3,210,322,19
"Defender","West Brom",0.3,0,35,19,"u","Liam","O'Neil",39,0,0,0,0,0,0,0,0,0,0,0,0,0,0,0,0,0,0,19
"Defender","West Brom",0.1,0,35,19,"u","Donervon","Daniels",39,0,0,0,0,0,0,0,0,0,0,0,0,0,0,0,0,0,0,19
"Defender","West Brom",2.2,80,35,19,"a","Joleon","Lescott",50,0.7,16,3.6,3.5,1980,1,0,9,27,0,0,0,2,0,0,7,245,381,19
"Defender","West Brom",2.8,20,35,19,"a","Chris","Baird",39,0,5.1,2.2,0,586,0,0,2,10,0,0,0,2,0,0,3,60,109,19
"Defender","West Brom",0.2,41,35,19,"a","Sébastien","Pocognoli",42,0,9.8,2.7,0,1211,0,0,5,18,0,0,0,1,0,0,1,150,199,19
"Midfielder","West Brom",0.3,61,35,19,"a","Stéphane","Sessegnon",57,0.1,10.7,2.7,0.8,1513,1,4,6,22,0,0,0,3,0,0,2,230,225,19
"Midfielder","West Brom",0,0,35,19,"u","George","Thorne",45,0,0,0,0,0,0,0,0,0,0,0,0,0,0,0,0,0,0,19
"Midfielder","West Brom",0.4,57,35,19,"n","Graham","Dorrans",48,0.1,11.9,2.7,0,1587,1,3,6,24,0,0,1,5,0,0,5,203,252,19
"Midfielder","West Brom",0.1,54,35,19,"a","Craig","Gardner",55,0.2,9.8,2.3,1.3,1775,1,1,8,26,0,0,0,6,0,0,1,218,266,19
"Midfielder","West Brom",0.1,62,35,19,"d","James","Morrison",55,0.4,11.3,2.8,1.1,1654,1,1,9,21,0,0,0,2,0,0,6,265,323,19
"Midfielder","West Brom",0.1,21,35,19,"a","Youssuf","Mulumbu",46,0,4.6,1.8,0,722,0,0,2,14,0,0,0,1,0,0,0,57,127,19
"Midfielder","West Brom",0.5,77,35,19,"a","Chris","Brunt",52,1,14.8,3.3,5.3,1902,1,5,8,26,0,0,0,3,0,0,8,217,301,19
"Midfielder","West Brom",0.2,15,35,19,"a","Claudio","Yacob",44,0.5,3.4,1.4,2,613,0,0,4,8,0,0,0,3,1,0,0,59,72,19
"Midfielder","West Brom",0,0,35,19,"n","Kemar","Roofe",44,0,0,0,0,0,0,0,0,0,0,0,0,0,0,0,0,0,0,19
"Forward","West Brom",0.2,36,35,19,"d","Victor","Anichebe",49,0.2,7.3,2.6,0.6,684,1,3,2,10,0,0,0,0,0,0,3,81,90,19
"Forward","West Brom",13.6,101,35,19,"d","Saido","Berahino",56,0.6,18,3.9,1.6,1995,10,0,8,30,0,0,0,1,0,0,14,369,328,19
"Goalkeeper","West Ham",0.6,2,21,20,"a","Jussi","Jääskeläinen",42,0.1,0.5,2,0.5,28,0,0,0,0,0,0,0,0,0,4,0,5,9,20
"Goalkeeper","West Ham",1.5,90,21,20,"a","Adrián","San Miguel del Castillo",51,0.9,17.6,3.5,4.5,2310,0,0,6,30,0,1,0,3,1,92,2,290,381,20
"Defender","West Ham",0.3,29,21,20,"a","James","Collins",44,0.2,6.6,1.7,0.8,1065,0,0,2,13,0,0,0,3,1,0,2,138,168,20
"Defender","West Ham",0.4,13,21,20,"a","Joey","O'Brien",42,0.1,3.1,1.9,0.3,435,0,0,1,8,0,0,0,2,0,0,2,51,81,20
"Defender","West Ham",0.8,55,21,20,"a","Winston","Reid",49,0.1,11.2,2.4,0.5,1955,1,0,3,27,0,0,0,8,0,0,9,237,318,20
"Defender","West Ham",0.2,7,21,20,"a","Guy","Demel",47,0.1,1.5,1.2,0.3,258,0,0,0,7,0,0,0,0,0,0,0,30,38,20
"Defender","West Ham",0.3,0,21,20,"a","Daniel","Potts",39,0,0,0,0,0,0,0,0,0,0,0,0,0,0,0,0,0,0,20
"Defender","West Ham",0.7,69,21,20,"a","James","Tomkins",48,0.5,14.4,3.6,2.5,1650,1,3,5,22,0,0,0,5,0,0,8,244,345,20
"Defender","West Ham",0.7,0,21,20,"a","Leo","Chambers",39,0,0,0,0,0,0,0,0,0,0,0,0,0,0,0,0,0,0,20
"Defender","West Ham",5,91,21,20,"a","Aaron","Cresswell",57,0.5,16,3.5,3,2340,1,4,6,30,0,0,0,4,0,0,10,383,424,20
"Midfielder","West Ham",28.5,125,21,20,"a","Stewart","Downing",66,0.3,18.9,5,2.3,2232,5,7,6,28,0,0,0,1,0,0,24,476,504,20
"Midfielder","West Ham",1.4,52,21,20,"a","Mark","Noble",53,0.7,9.8,3.1,3.5,1334,1,4,4,17,1,0,1,3,0,0,7,237,280,20
"Midfielder","West Ham",0,1,21,20,"u","Ravel","Morrison",48,0,0.2,1,0,34,0,0,0,2,0,0,0,0,0,0,0,4,3,20
"Midfielder","West Ham",1.1,44,21,20,"a","Kevin","Nolan",62,0.2,7.1,2.3,1,1075,1,1,2,12,0,0,0,0,0,0,4,159,162,20
"Midfielder","Hull",0.8,47,88,7,"i","Mohamed","Diamé",51,0,9.2,3.6,0,886,4,0,2,19,0,0,0,1,0,0,4,123,155,7
"Midfielder","West Ham",0.1,0,21,20,"u","Alou","Diarra",45,0,0,0,0,0,0,0,0,0,0,0,0,0,0,0,0,0,0,20
"Midfielder","West Ham",0,9,21,20,"a","Matthew","Jarvis",53,0.1,1.7,1.3,0.8,218,0,0,1,4,0,0,0,0,0,0,0,24,41,20
"Midfielder","West Ham",0.4,64,21,20,"a","Cheikhou","Kouyaté",49,1,13.1,3.4,4.8,1595,3,2,4,22,0,0,0,3,0,0,5,255,243,20
"Midfielder","West Ham",0.5,3,21,20,"d","Diego","Poyet",43,0,0.7,1,0,91,0,0,0,2,0,0,0,1,0,0,0,5,17,20
"Forward","West Ham",0.4,56,21,20,"i","Andy","Carroll",65,0.1,8.6,4,0,1024,5,2,3,11,0,0,0,2,0,0,7,178,169,20
"Forward","West Ham",1.6,6,21,20,"u","Ricardo","Vaz Te",41,0,1.5,1.5,0,223,0,0,1,2,0,0,0,0,0,0,0,26,11,20
"Forward","West Ham",0,0,21,20,"u","Modibo","Maiga",49,0,0,0,0,0,0,0,0,0,0,0,0,0,0,0,0,0,0,20
"Forward","West Ham",0.2,0,21,20,"n","Elliot","Lee",43,0,0,0,0,0,0,0,0,0,0,0,0,0,0,0,0,0,0,20
"Forward","West Ham",0.6,25,21,20,"i","Carlton","Cole",46,0.2,5.4,1.8,0,542,2,0,2,9,0,0,0,1,0,0,0,90,78,20
"Forward","QPR",0.4,27,52,13,"a","Mauro","Zárate",61,0.1,4.4,2.5,0,487,2,1,1,7,0,0,0,2,0,0,3,135,86,13
"Forward","Chelsea",40.5,121,8,4,"a","Diego","Da Silva Costa",110,0,11,6,0,1680,17,2,10,17,0,0,0,7,0,0,14,620,488,4
"Forward","Burnley",0.2,36,90,3,"a","Lukas","Jutkiewicz",45,0.1,8,1.9,0.5,845,0,3,3,16,0,0,0,1,0,0,0,74,54,3
"Midfielder","Liverpool",0.3,42,14,9,"a","Lazar","Markovic",72,0.5,5.8,2.8,3.5,792,2,1,4,7,0,0,0,0,0,0,3,127,158,9
"Midfielder","Newcastle",0.9,54,4,12,"d","Rémy","Cabella",71,0.6,7.6,2.3,1,1315,1,2,5,19,0,0,0,1,0,0,3,216,249,12
"Forward","Newcastle",0.4,22,4,12,"a","Emmanuel","Riviere",67,0,3.3,1.6,0.3,629,0,1,1,15,0,0,0,0,0,0,0,29,32,12
"Defender","Newcastle",9.2,88,4,12,"a","Daryl","Janmaat",53,0.7,16.6,3.4,3.5,2291,1,6,6,41,0,0,0,7,0,0,10,313,433,12
"Defender","Chelsea",2.2,27,8,4,"a","Filipe Luis","Kasmirski",53,0.2,5.1,2.5,0,671,0,0,2,6,0,0,0,0,0,0,2,105,160,4
"Defender","QPR",2.4,18,52,13,"a","Rio","Ferdinand",42,0.4,4.3,1.8,0,900,0,0,2,19,0,0,0,2,0,0,1,84,175,13
"Forward","West Ham",0.8,71,21,20,"a","Enner","Valencia",64,0.3,11.1,3.1,1.8,1341,3,5,7,14,0,0,0,0,0,0,8,257,172,20
"Forward","West Brom",0.6,40,35,19,"a","Brown","Ideye",56,0.8,7.1,2.5,4.5,847,3,1,4,10,0,0,0,2,0,0,3,148,97,19
"Forward","Leicester",5.1,82,13,8,"a","Leonardo","Ulloa",50,0.2,16.4,3.3,0,1591,7,2,4,26,0,0,0,3,0,0,10,279,244,8
"Forward","Stoke",2.7,59,110,16,"i","Bojan","Krkic",50,0,11.8,3.7,0,1203,4,1,3,20,0,0,0,2,0,0,13,219,299,16
"Defender","QPR",5,59,52,13,"a","Steven","Caulker",47,0.5,12.6,2.5,0,2115,1,1,5,39,1,0,0,0,0,0,2,241,361,13
"Goalkeeper","Swansea",0.1,2,80,18,"a","Gerhard","Tremmel",44,0,0.5,1,0,110,0,0,0,3,0,0,0,0,0,4,0,6,16,18
"Forward","Crystal Palace",1.2,51,31,5,"i","Fraizer","Campbell",50,0.5,10.2,2.7,0,1165,4,1,2,24,0,0,0,4,0,0,5,148,150,5
"Midfielder","Swansea",0.1,44,80,18,"a","Jefferson","Montero",54,0.2,8.1,2.2,1,1031,0,4,3,14,0,0,0,0,0,0,0,183,181,18
"Defender","Leicester",0.2,0,13,8,"u","Zoumana","Bakayogo",40,0,0,0,0,0,0,0,0,0,0,0,0,0,0,0,0,0,0,8
"Defender","Aston Villa",11.7,63,7,2,"d","Alan","Hutton",44,0.1,14.3,2.9,0.3,1980,1,0,6,31,0,0,0,6,0,0,5,264,368,2
"Defender","Chelsea",1.3,21,8,4,"a","Kurt","Zouma",46,0.7,4.6,3,0,407,0,0,2,3,0,0,0,0,0,0,2,44,98,4
"Defender","Sunderland",3.8,43,56,17,"a","Patrick","van Aanholt",43,0.9,10,2.7,4,1299,0,3,3,23,0,0,0,2,0,0,3,143,287,17
"Forward","Chelsea",0.9,43,8,4,"a","Didier","Drogba",61,0.2,7,2.1,0,400,3,1,1,3,0,0,0,1,0,0,6,105,129,4
"Goalkeeper","Arsenal",1.8,27,3,1,"a","David","Ospina",48,0.7,5.6,4.5,3.5,540,0,0,3,4,0,0,0,0,0,20,0,90,110,1
"Midfielder","Everton",0.3,23,11,6,"a","Muhamed","Besic",46,0.3,5,1.3,1.5,1135,0,0,3,15,0,0,0,8,0,0,0,135,181,6
"Defender","Hull",0.5,32,88,7,"a","Andrew","Robertson",42,0.1,7.6,1.8,0.3,1227,0,1,2,23,0,0,0,5,0,0,4,133,230,7
"Defender","Hull",0.1,1,88,7,"n","Harry","Maguire",41,0,0.2,0.3,0,94,0,0,0,3,0,0,0,1,0,0,0,16,20,7
"Defender","Crystal Palace",0.7,36,31,5,"a","Brede","Hangeland",47,0.3,7.7,2.8,1.5,1083,2,1,1,18,0,0,0,1,0,0,0,134,159,5
"Defender","Spurs",10.8,47,6,15,"a","Eric","Dier",47,0.2,10,2.9,0,1213,2,0,3,20,0,0,0,3,0,0,5,184,223,15
"Forward","Newcastle",0,0,4,12,"a","Facundo","Ferreyra",56,0,0,0,0,0,0,0,0,0,0,0,0,0,0,0,0,0,0,12
"Defender","Liverpool",0.3,22,14,9,"a","Javier","Manquillo",45,0,4.9,2.2,0,759,0,0,2,11,0,0,0,3,0,0,1,93,116,9
"Midfielder","Man City",1.5,50,43,10,"a","Frank","Lampard",52,0.1,9.6,2.5,0.8,455,5,2,0,6,0,0,0,1,0,0,0,185,160,10
"Midfielder","Crystal Palace",0.6,23,31,5,"a","Jordon","Mutch",50,0.2,4.6,1.9,1.3,721,0,2,2,13,0,0,0,4,0,0,0,57,69,5
"Defender","West Brom",0,2,35,19,"a","Jason","Davidson",42,0,0.5,1,0,102,0,0,0,3,0,0,0,0,0,0,0,7,8,19
"Defender","West Brom",0.1,12,35,19,"a","Cristian","Gamboa",42,0,2.9,1.2,0,242,0,1,0,3,0,0,0,1,0,0,0,30,65,19
"Goalkeeper","Liverpool",0,4,14,9,"i","Bradley","Jones",49,0,0.8,1.3,0,195,0,0,0,5,0,0,0,0,0,4,0,13,23,9
"Midfielder","Southampton",0,0,20,14,"u","Saphir","Taïder",54,0,0,0,0,0,0,0,0,0,0,0,0,0,0,0,0,0,0,14
"Defender","QPR",0.3,56,52,13,"i","Mauricio","Isla",47,0.4,11.9,2.8,0,1722,0,2,5,35,0,0,0,4,0,0,10,216,335,13
"Defender","Aston Villa",5.5,70,7,2,"d","Aly","Cissokho",47,0.1,14.9,2.8,0.3,2129,0,0,7,31,1,0,0,1,0,0,7,200,343,2
"Midfielder","Man City",0,0,43,10,"u","Bruno","Zuculini",55,0,0,0,0,0,0,0,0,0,0,0,0,0,0,0,0,0,0,10
"Goalkeeper","Southampton",16.4,104,20,14,"a","Fraser","Forster",56,0.7,18.6,4,3.8,2340,0,0,12,19,0,0,0,1,0,50,0,274,390,14
"Defender","Sunderland",0.8,76,56,17,"a","Santiago","Vergini",45,1,16.9,3,4.5,2205,0,0,9,33,1,0,0,5,0,0,9,248,391,17
"Defender","Man City",0.9,49,43,10,"a","Eliaquim","Mangala",60,0.3,8.2,3.3,2,1333,0,1,6,14,1,0,0,3,1,0,5,173,269,10
"Midfielder","Newcastle",0.1,12,4,12,"i","Rolando","Aarons",47,0,2.6,4,0,105,1,1,1,2,0,0,0,1,0,0,0,24,26,12
"Defender","Crystal Palace",0,0,31,5,"u","Jerome","Binnom-Williams",44,0,0,0,0,0,0,0,0,0,0,0,0,0,0,0,0,0,0,5
"Defender","Man Utd",0.1,0,1,11,"a","Reece","James",43,0,0,0,0,0,0,0,0,0,0,0,0,0,0,0,0,0,0,11
"Defender","Man Utd",0.9,16,1,11,"a","Tyler","Blackett",39,0,4.1,1.8,0,624,0,0,2,10,0,0,0,3,1,0,2,64,121,11
"Midfielder","Everton",0.1,5,11,6,"d","Christian","Atsu",57,0,0.9,1.2,0.2,107,0,0,0,5,0,0,0,0,0,0,0,9,26,6
